Age,Gender,MaritalStatus,JobRole,Department,BusinessTravel,YearsAtCompany,MonthlyIncome,EnvironmentSatisfaction,PerformanceRating,WorkLifeBalance,OverTime,NumCompaniesWorked,PercentSalaryHike,DistanceFromHome,Attrition
56,Male,Single,Sales Executive,Research & Development,Travel_Rarely,39,18667.0,4.0,3,1,Yes,3.0,24,38.0,No
46,Male,Single,Research Scientist,Research & Development,Travel_Frequently,10,7840.0,4.0,3,1,Yes,9.0,20,3.0,No
32,Female,Single,Manager,Sales,Travel_Frequently,2,5565.0,1.0,1,1,Yes,2.0,18,40.0,No
25,Female,Married,Sales Executive,Human Resources,Travel_Frequently,11,12426.0,4.0,2,1,Yes,3.0,17,31.0,Yes
38,Male,Divorced,Laboratory Technician,Sales,Travel_Rarely,2,19849.0,,4,4,No,8.0,18,,No
56,Female,Married,Manager,Research & Development,Travel_Frequently,26,9366.0,2.0,2,3,No,2.0,19,37.0,No
36,Male,Married,Laboratory Technician,Human Resources,Non-Travel,1,17630.0,4.0,1,1,No,5.0,13,2.0,Yes
40,Male,Single,Laboratory Technician,Human Resources,Non-Travel,15,9382.0,1.0,3,4,Yes,5.0,18,2.0,No
28,Male,Married,Sales Executive,Research & Development,Travel_Rarely,1,18149.0,2.0,4,3,Yes,6.0,24,39.0,No
28,Male,Married,Manager,Sales,Non-Travel,29,17871.0,,2,3,Yes,8.0,16,49.0,Yes
41,Female,Single,Healthcare Representative,Sales,Travel_Rarely,19,15273.0,3.0,3,4,No,6.0,14,,No
53,Female,Married,Sales Executive,Human Resources,Travel_Frequently,37,2992.0,1.0,2,1,Yes,0.0,14,44.0,No
57,Female,Single,Sales Executive,Research & Development,Travel_Frequently,27,8858.0,1.0,4,3,Yes,7.0,10,34.0,No
41,Male,Single,Manager,Human Resources,Travel_Frequently,24,,2.0,2,1,No,4.0,11,42.0,No
20,Male,Single,Manager,Research & Development,Non-Travel,31,14388.0,4.0,2,1,No,8.0,19,20.0,No
39,Male,Single,Laboratory Technician,Sales,Travel_Rarely,9,6136.0,1.0,2,2,Yes,9.0,12,,No
19,Female,Married,Manager,Research & Development,Travel_Frequently,39,18727.0,2.0,3,1,No,4.0,23,4.0,No
41,Male,Single,Laboratory Technician,Sales,Travel_Rarely,32,14653.0,3.0,4,2,Yes,4.0,23,45.0,No
47,Female,Single,Sales Executive,Research & Development,Travel_Frequently,12,17479.0,2.0,4,3,No,1.0,17,44.0,No
55,Female,Married,Research Scientist,Human Resources,Non-Travel,36,6823.0,,3,4,No,2.0,15,11.0,Yes
19,Female,Married,Healthcare Representative,Sales,Non-Travel,15,6920.0,4.0,3,2,No,9.0,21,42.0,No
38,Female,Divorced,Sales Executive,Human Resources,Travel_Rarely,21,7471.0,1.0,3,4,Yes,8.0,19,,No
50,Female,Married,Manager,Human Resources,Non-Travel,19,19272.0,3.0,1,3,Yes,,20,5.0,No
29,Female,Married,Healthcare Representative,Sales,Non-Travel,26,11533.0,2.0,2,1,Yes,0.0,22,25.0,No
39,Male,Divorced,Research Scientist,Sales,Travel_Rarely,15,,1.0,2,3,No,2.0,24,,No
42,Male,Married,Research Scientist,Human Resources,Travel_Frequently,33,5720.0,1.0,4,4,No,1.0,23,37.0,No
44,Female,Married,Laboratory Technician,Human Resources,Non-Travel,31,17696.0,2.0,2,3,No,0.0,14,34.0,No
59,Female,Married,Healthcare Representative,Human Resources,Travel_Rarely,25,3364.0,,1,1,No,8.0,22,9.0,Yes
45,Male,Married,Laboratory Technician,Human Resources,Non-Travel,24,4708.0,2.0,3,3,Yes,7.0,10,,No
33,Female,Divorced,Sales Executive,Sales,Non-Travel,1,14982.0,2.0,4,1,Yes,,21,18.0,No
32,Female,Married,Healthcare Representative,Sales,Non-Travel,11,19308.0,2.0,4,2,Yes,1.0,20,14.0,No
20,Male,Married,Sales Executive,Human Resources,Non-Travel,39,2151.0,3.0,2,4,No,0.0,21,19.0,No
54,Female,Divorced,Laboratory Technician,Research & Development,Travel_Rarely,8,19296.0,2.0,4,1,No,6.0,18,14.0,No
24,Female,Single,Healthcare Representative,Research & Development,Travel_Rarely,11,4321.0,4.0,3,1,Yes,1.0,12,40.0,No
38,Female,Divorced,Laboratory Technician,Sales,Travel_Rarely,25,15865.0,1.0,4,3,No,0.0,12,17.0,No
26,Male,Single,Healthcare Representative,Human Resources,Non-Travel,8,2495.0,3.0,3,2,Yes,1.0,11,35.0,No
56,Male,Divorced,Laboratory Technician,Human Resources,Non-Travel,9,13987.0,1.0,1,1,No,,13,29.0,No
35,Male,Divorced,Research Scientist,Sales,Non-Travel,31,4148.0,3.0,1,2,No,6.0,21,42.0,No
21,Female,Married,Laboratory Technician,Research & Development,Travel_Rarely,33,2556.0,4.0,3,2,Yes,9.0,11,17.0,No
42,Female,Single,Research Scientist,Research & Development,Non-Travel,19,15393.0,3.0,2,3,Yes,,22,,No
31,Male,Married,Laboratory Technician,Research & Development,Travel_Frequently,38,3552.0,,4,1,No,4.0,18,8.0,Yes
26,Female,Single,Healthcare Representative,Sales,Non-Travel,1,5085.0,3.0,2,3,Yes,2.0,21,1.0,No
43,Female,Divorced,Healthcare Representative,Research & Development,Travel_Frequently,0,2156.0,1.0,4,4,Yes,2.0,19,,No
19,Female,Divorced,Healthcare Representative,Sales,Non-Travel,35,10926.0,,1,4,No,,16,36.0,No
37,Female,Single,Manager,Sales,Travel_Rarely,23,9162.0,1.0,1,1,No,3.0,17,7.0,No
45,Female,Married,Sales Executive,Human Resources,Non-Travel,26,10055.0,2.0,1,2,No,8.0,12,46.0,No
24,Male,Married,Healthcare Representative,Research & Development,Travel_Frequently,1,6654.0,1.0,4,1,Yes,3.0,15,5.0,No
25,Female,Married,Research Scientist,Sales,Travel_Frequently,30,,4.0,1,1,No,1.0,24,24.0,No
52,Male,Married,Healthcare Representative,Research & Development,Non-Travel,13,2154.0,4.0,1,4,No,3.0,19,28.0,No
31,Female,Divorced,Manager,Research & Development,Travel_Frequently,1,9950.0,3.0,1,4,No,5.0,15,43.0,Yes
34,Male,Divorced,Research Scientist,Human Resources,Travel_Frequently,28,17323.0,4.0,1,2,No,5.0,22,17.0,No
53,Female,Divorced,Manager,Research & Development,Travel_Rarely,14,19380.0,3.0,2,2,No,4.0,10,37.0,Yes
57,Male,Divorced,Research Scientist,Human Resources,Non-Travel,11,6626.0,2.0,1,1,Yes,0.0,15,20.0,Yes
21,Female,Divorced,Laboratory Technician,Sales,Non-Travel,36,16259.0,,1,3,No,2.0,22,,No
19,Male,Married,Sales Executive,Research & Development,Non-Travel,27,16873.0,2.0,2,1,No,4.0,23,,No
23,Female,Married,Sales Executive,Sales,Travel_Frequently,19,15016.0,1.0,2,2,Yes,5.0,12,26.0,No
59,Male,Married,Manager,Research & Development,Non-Travel,38,11369.0,,4,3,No,0.0,20,15.0,No
21,Female,Married,Sales Executive,Sales,Non-Travel,23,2153.0,1.0,3,4,No,8.0,12,,No
46,Male,Divorced,Manager,Research & Development,Travel_Rarely,20,9853.0,,1,2,Yes,2.0,12,8.0,No
35,Male,Divorced,Manager,Research & Development,Travel_Rarely,9,14379.0,2.0,1,2,No,9.0,19,13.0,No
43,Female,Divorced,Manager,Research & Development,Travel_Rarely,13,17792.0,4.0,1,3,Yes,2.0,20,,No
51,Female,Single,Sales Executive,Research & Development,Travel_Frequently,36,7599.0,2.0,4,2,No,1.0,24,3.0,Yes
27,Male,Married,Manager,Research & Development,Non-Travel,17,,4.0,1,2,Yes,7.0,20,1.0,No
53,Female,Married,Sales Executive,Research & Development,Travel_Rarely,23,,,3,2,Yes,2.0,24,9.0,No
31,Male,Divorced,Manager,Research & Development,Travel_Rarely,13,2786.0,,2,2,No,5.0,19,31.0,No
48,Male,Married,Healthcare Representative,Research & Development,Travel_Rarely,33,6368.0,3.0,4,2,Yes,1.0,20,41.0,No
32,Male,Married,Manager,Research & Development,Non-Travel,11,16923.0,1.0,2,2,Yes,6.0,17,26.0,No
25,Female,Divorced,Research Scientist,Sales,Non-Travel,21,6272.0,2.0,1,2,No,3.0,22,17.0,No
31,Male,Single,Manager,Human Resources,Non-Travel,5,7994.0,1.0,1,2,No,8.0,14,34.0,No
40,Male,Single,Laboratory Technician,Research & Development,Travel_Frequently,35,9011.0,2.0,1,4,Yes,9.0,13,9.0,Yes
57,Female,Single,Manager,Human Resources,Travel_Frequently,35,16086.0,3.0,3,2,No,8.0,22,13.0,No
38,Female,Divorced,Research Scientist,Research & Development,Travel_Rarely,21,11261.0,3.0,3,4,Yes,6.0,18,5.0,No
33,Female,Married,Research Scientist,Research & Development,Non-Travel,13,9011.0,2.0,4,4,Yes,7.0,18,41.0,No
35,Female,Divorced,Sales Executive,Sales,Travel_Rarely,15,3212.0,2.0,2,1,No,2.0,10,13.0,Yes
41,Male,Divorced,Healthcare Representative,Sales,Non-Travel,35,16141.0,3.0,1,1,No,4.0,11,1.0,No
43,Male,Married,Manager,Human Resources,Non-Travel,24,11344.0,3.0,1,4,Yes,,17,25.0,No
42,Male,Single,Sales Executive,Sales,Non-Travel,31,8704.0,1.0,1,4,No,9.0,14,47.0,Yes
58,Male,Single,Healthcare Representative,Sales,Travel_Frequently,32,17896.0,,1,2,No,6.0,16,4.0,No
46,Female,Divorced,Manager,Human Resources,Travel_Frequently,35,2143.0,2.0,3,1,Yes,7.0,10,36.0,No
32,Male,Single,Laboratory Technician,Sales,Non-Travel,19,12681.0,,2,3,Yes,8.0,21,10.0,No
18,Male,Divorced,Manager,Research & Development,Travel_Rarely,17,9367.0,2.0,2,1,Yes,6.0,19,28.0,No
42,Female,Divorced,Research Scientist,Human Resources,Non-Travel,37,5228.0,4.0,4,4,Yes,9.0,21,6.0,No
24,Male,Married,Research Scientist,Human Resources,Non-Travel,2,6582.0,,3,4,Yes,9.0,14,27.0,Yes
26,Male,Married,Laboratory Technician,Research & Development,Travel_Rarely,22,15147.0,2.0,1,2,Yes,7.0,20,12.0,No
41,Male,Married,Sales Executive,Sales,Non-Travel,31,,3.0,2,2,No,8.0,21,48.0,Yes
18,Male,Divorced,Healthcare Representative,Human Resources,Travel_Rarely,15,8031.0,4.0,2,1,Yes,5.0,12,3.0,No
25,Male,Married,Manager,Human Resources,Travel_Frequently,4,6243.0,2.0,3,2,No,9.0,19,46.0,Yes
41,Male,Single,Research Scientist,Research & Development,Travel_Frequently,3,15647.0,1.0,4,3,No,1.0,21,33.0,No
28,Female,Single,Sales Executive,Research & Development,Travel_Rarely,20,13496.0,2.0,4,3,Yes,1.0,21,10.0,No
34,Female,Divorced,Laboratory Technician,Sales,Travel_Frequently,39,11549.0,4.0,1,2,No,3.0,23,31.0,No
25,Male,Divorced,Research Scientist,Human Resources,Travel_Frequently,13,17146.0,1.0,4,3,Yes,,11,15.0,No
52,Male,Married,Laboratory Technician,Sales,Travel_Rarely,38,6185.0,4.0,2,3,No,,11,7.0,No
52,Female,Divorced,Manager,Sales,Travel_Frequently,30,14486.0,2.0,4,1,Yes,1.0,18,,Yes
50,Male,Divorced,Healthcare Representative,Research & Development,Non-Travel,13,,,1,3,Yes,7.0,22,,Yes
22,Male,Single,Research Scientist,Human Resources,Non-Travel,5,18684.0,3.0,2,4,Yes,6.0,13,48.0,No
59,Male,Single,Research Scientist,Human Resources,Travel_Rarely,11,19107.0,2.0,4,4,Yes,8.0,13,14.0,No
56,Female,Married,Manager,Human Resources,Travel_Frequently,15,5010.0,2.0,4,1,No,7.0,16,3.0,No
58,Male,Divorced,Sales Executive,Research & Development,Non-Travel,16,7555.0,2.0,3,2,No,,19,49.0,No
45,Female,Divorced,Healthcare Representative,Research & Development,Non-Travel,22,2067.0,,1,1,No,0.0,19,46.0,No
24,Male,Single,Research Scientist,Research & Development,Travel_Frequently,13,14185.0,4.0,4,2,No,1.0,22,,No
26,Female,Divorced,Healthcare Representative,Research & Development,Travel_Frequently,6,3537.0,,3,2,No,1.0,11,22.0,No
25,Female,Single,Research Scientist,Research & Development,Non-Travel,31,18781.0,4.0,2,2,Yes,,12,19.0,Yes
29,Male,Married,Healthcare Representative,Human Resources,Non-Travel,14,13549.0,2.0,3,2,Yes,,12,35.0,No
51,Female,Single,Laboratory Technician,Sales,Travel_Rarely,16,7680.0,4.0,3,2,Yes,3.0,15,12.0,No
50,Male,Divorced,Research Scientist,Human Resources,Travel_Rarely,33,10747.0,2.0,4,1,Yes,8.0,12,,No
40,Female,Married,Healthcare Representative,Sales,Non-Travel,4,17116.0,1.0,4,2,Yes,3.0,20,10.0,Yes
41,Male,Single,Sales Executive,Research & Development,Travel_Rarely,26,,3.0,4,3,No,5.0,14,41.0,No
54,Male,Single,Laboratory Technician,Sales,Non-Travel,22,12849.0,2.0,3,3,Yes,,13,33.0,No
52,Female,Married,Laboratory Technician,Human Resources,Non-Travel,39,9067.0,,2,2,Yes,9.0,12,,Yes
57,Male,Married,Sales Executive,Human Resources,Travel_Rarely,13,12151.0,3.0,1,3,No,9.0,17,35.0,No
39,Male,Single,Healthcare Representative,Sales,Travel_Rarely,14,19985.0,3.0,3,4,No,0.0,23,32.0,No
44,Female,Divorced,Manager,Research & Development,Travel_Frequently,32,19864.0,1.0,4,1,Yes,7.0,19,11.0,No
52,Male,Single,Sales Executive,Research & Development,Travel_Frequently,30,17126.0,4.0,1,1,Yes,2.0,12,48.0,Yes
18,Male,Married,Healthcare Representative,Human Resources,Travel_Frequently,34,17613.0,2.0,2,2,No,5.0,15,38.0,No
52,Female,Single,Sales Executive,Sales,Non-Travel,16,8447.0,4.0,1,2,Yes,2.0,22,24.0,No
54,Female,Married,Sales Executive,Research & Development,Travel_Rarely,27,7499.0,2.0,4,4,Yes,,24,35.0,No
31,Male,Married,Research Scientist,Research & Development,Non-Travel,18,8273.0,1.0,3,2,Yes,4.0,16,19.0,Yes
20,Male,Divorced,Healthcare Representative,Human Resources,Travel_Rarely,22,3299.0,3.0,3,3,No,0.0,16,6.0,Yes
18,Female,Married,Manager,Research & Development,Non-Travel,31,8701.0,1.0,4,4,Yes,8.0,11,40.0,No
22,Female,Married,Research Scientist,Sales,Travel_Frequently,39,6994.0,3.0,3,3,Yes,6.0,23,45.0,Yes
43,Male,Divorced,Sales Executive,Human Resources,Travel_Frequently,12,,4.0,4,1,No,2.0,12,44.0,No
31,Female,Married,Sales Executive,Human Resources,Travel_Frequently,19,9489.0,,3,3,No,3.0,21,42.0,No
56,Male,Divorced,Sales Executive,Sales,Non-Travel,34,10269.0,,3,1,No,5.0,19,35.0,No
44,Male,Divorced,Healthcare Representative,Human Resources,Travel_Rarely,4,,,3,3,Yes,2.0,19,4.0,No
26,Male,Married,Healthcare Representative,Research & Development,Travel_Rarely,8,13602.0,1.0,2,1,No,6.0,24,33.0,Yes
32,Male,Married,Research Scientist,Research & Development,Travel_Frequently,28,13819.0,3.0,2,2,Yes,5.0,13,13.0,Yes
32,Male,Single,Manager,Sales,Travel_Frequently,5,19916.0,3.0,4,3,No,8.0,16,36.0,Yes
43,Female,Divorced,Research Scientist,Research & Development,Travel_Frequently,24,3996.0,4.0,2,1,Yes,4.0,11,43.0,No
59,Female,Single,Laboratory Technician,Sales,Travel_Frequently,30,13619.0,4.0,4,3,No,3.0,12,19.0,No
30,Female,Married,Sales Executive,Sales,Travel_Rarely,21,18661.0,3.0,1,4,Yes,2.0,16,43.0,Yes
49,Female,Single,Sales Executive,Research & Development,Non-Travel,1,5089.0,3.0,1,2,Yes,9.0,16,12.0,No
56,Male,Divorced,Sales Executive,Sales,Non-Travel,4,2523.0,3.0,2,1,No,,24,11.0,No
49,Male,Single,Research Scientist,Research & Development,Non-Travel,26,14410.0,4.0,1,4,No,2.0,19,6.0,No
21,Male,Divorced,Research Scientist,Human Resources,Non-Travel,24,17732.0,4.0,1,3,Yes,2.0,12,12.0,Yes
47,Male,Married,Sales Executive,Human Resources,Travel_Frequently,7,10167.0,2.0,3,4,No,6.0,21,27.0,No
54,Female,Married,Research Scientist,Sales,Travel_Frequently,0,7190.0,3.0,3,3,Yes,6.0,10,41.0,Yes
40,Male,Divorced,Healthcare Representative,Research & Development,Travel_Frequently,19,6575.0,2.0,4,2,No,0.0,21,25.0,No
56,Male,Married,Healthcare Representative,Research & Development,Non-Travel,22,9727.0,3.0,1,4,No,2.0,12,42.0,No
32,Female,Married,Research Scientist,Human Resources,Travel_Frequently,31,,,4,2,Yes,7.0,14,3.0,No
46,Female,Married,Sales Executive,Human Resources,Travel_Frequently,10,3797.0,,4,1,No,8.0,16,3.0,No
53,Female,Married,Research Scientist,Research & Development,Travel_Rarely,38,4131.0,2.0,1,3,No,6.0,13,20.0,No
30,Female,Divorced,Research Scientist,Sales,Travel_Rarely,23,16900.0,1.0,2,3,Yes,6.0,22,28.0,No
49,Male,Single,Research Scientist,Human Resources,Travel_Frequently,10,19199.0,3.0,1,2,Yes,7.0,22,23.0,Yes
24,Male,Single,Laboratory Technician,Sales,Travel_Rarely,28,13332.0,4.0,3,2,No,,20,48.0,No
39,Female,Married,Healthcare Representative,Sales,Travel_Rarely,25,8666.0,1.0,1,1,Yes,2.0,20,3.0,No
45,Male,Single,Manager,Human Resources,Travel_Frequently,15,18526.0,1.0,2,4,No,0.0,24,42.0,No
19,Male,Single,Manager,Sales,Travel_Frequently,34,14479.0,,4,3,No,6.0,10,24.0,No
59,Male,Married,Laboratory Technician,Sales,Travel_Frequently,19,3410.0,1.0,4,3,Yes,0.0,15,43.0,No
23,Female,Married,Research Scientist,Research & Development,Travel_Frequently,2,14665.0,3.0,3,1,Yes,,11,40.0,Yes
45,Male,Single,Laboratory Technician,Sales,Non-Travel,0,2534.0,1.0,3,1,Yes,8.0,21,6.0,No
45,Female,Divorced,Laboratory Technician,Research & Development,Non-Travel,0,5364.0,3.0,3,2,Yes,9.0,12,20.0,Yes
37,Male,Married,Sales Executive,Human Resources,Travel_Frequently,16,19416.0,4.0,4,2,Yes,6.0,13,11.0,No
47,Male,Divorced,Healthcare Representative,Human Resources,Travel_Rarely,1,5342.0,3.0,3,4,Yes,3.0,15,32.0,Yes
28,Male,Single,Manager,Research & Development,Travel_Frequently,28,15465.0,3.0,1,1,No,5.0,15,27.0,No
45,Female,Married,Research Scientist,Human Resources,Travel_Frequently,19,6500.0,2.0,4,4,No,0.0,16,21.0,No
42,Male,Divorced,Manager,Sales,Travel_Rarely,5,3172.0,4.0,2,1,Yes,6.0,14,44.0,No
56,Female,Married,Manager,Sales,Non-Travel,7,10007.0,4.0,4,3,No,5.0,16,48.0,No
50,Female,Single,Healthcare Representative,Sales,Travel_Frequently,28,3641.0,4.0,1,1,No,3.0,11,13.0,No
18,Female,Divorced,Manager,Human Resources,Travel_Frequently,32,18855.0,1.0,1,1,No,6.0,10,22.0,Yes
44,Male,Single,Manager,Sales,Non-Travel,2,10738.0,2.0,3,3,No,2.0,21,35.0,Yes
30,Male,Single,Laboratory Technician,Human Resources,Non-Travel,34,6726.0,4.0,4,1,Yes,0.0,19,47.0,No
58,Male,Married,Healthcare Representative,Sales,Travel_Rarely,4,13789.0,1.0,4,4,No,3.0,17,22.0,No
20,Male,Divorced,Sales Executive,Research & Development,Non-Travel,26,,1.0,4,2,No,2.0,10,28.0,No
56,Female,Single,Research Scientist,Human Resources,Non-Travel,11,2363.0,,2,2,Yes,0.0,21,21.0,No
23,Female,Single,Manager,Human Resources,Non-Travel,19,12358.0,2.0,3,4,Yes,1.0,11,,No
25,Female,Divorced,Research Scientist,Sales,Travel_Rarely,19,5309.0,1.0,1,3,Yes,4.0,20,18.0,No
44,Male,Single,Sales Executive,Human Resources,Non-Travel,8,18929.0,2.0,1,1,Yes,7.0,21,31.0,No
26,Female,Single,Research Scientist,Human Resources,Non-Travel,38,5240.0,3.0,3,4,No,0.0,19,46.0,No
54,Male,Divorced,Sales Executive,Research & Development,Travel_Rarely,3,8665.0,1.0,1,2,Yes,3.0,15,37.0,No
50,Female,Divorced,Laboratory Technician,Research & Development,Non-Travel,18,14921.0,,1,2,No,3.0,10,21.0,No
59,Male,Divorced,Manager,Sales,Non-Travel,37,,1.0,3,4,No,4.0,19,14.0,No
41,Male,Divorced,Sales Executive,Research & Development,Travel_Rarely,26,15968.0,3.0,1,2,Yes,6.0,12,25.0,Yes
32,Female,Married,Research Scientist,Sales,Travel_Frequently,12,13197.0,3.0,4,4,Yes,7.0,16,27.0,No
49,Female,Divorced,Manager,Sales,Travel_Rarely,12,13998.0,1.0,2,2,Yes,5.0,21,40.0,No
49,Female,Married,Laboratory Technician,Sales,Non-Travel,21,2882.0,3.0,3,4,Yes,0.0,17,23.0,No
41,Female,Married,Manager,Human Resources,Non-Travel,27,8923.0,2.0,2,1,Yes,,13,31.0,No
58,Male,Married,Sales Executive,Research & Development,Non-Travel,21,15708.0,2.0,1,1,Yes,2.0,21,47.0,No
29,Female,Single,Laboratory Technician,Sales,Travel_Rarely,18,7204.0,1.0,1,1,No,5.0,12,29.0,No
56,Female,Married,Research Scientist,Research & Development,Non-Travel,7,9288.0,2.0,4,1,No,7.0,10,47.0,No
19,Female,Married,Laboratory Technician,Sales,Non-Travel,7,5203.0,2.0,3,2,No,6.0,21,30.0,No
20,Male,Single,Laboratory Technician,Research & Development,Travel_Rarely,25,,4.0,1,3,No,9.0,18,26.0,No
54,Male,Single,Healthcare Representative,Research & Development,Travel_Frequently,25,2018.0,,3,4,Yes,5.0,19,20.0,No
34,Female,Single,Laboratory Technician,Sales,Travel_Frequently,22,19025.0,3.0,3,3,Yes,8.0,15,,No
19,Male,Divorced,Laboratory Technician,Human Resources,Non-Travel,12,5083.0,1.0,3,2,No,8.0,15,19.0,No
19,Female,Single,Manager,Research & Development,Travel_Rarely,27,10521.0,2.0,3,2,No,0.0,18,27.0,Yes
45,Male,Single,Research Scientist,Human Resources,Non-Travel,8,19249.0,4.0,3,3,No,0.0,10,25.0,No
40,Male,Married,Manager,Human Resources,Travel_Rarely,19,2773.0,1.0,2,3,Yes,,15,40.0,Yes
54,Male,Single,Manager,Sales,Travel_Rarely,18,6732.0,1.0,4,2,Yes,7.0,21,38.0,Yes
49,Male,Divorced,Sales Executive,Sales,Travel_Frequently,38,8795.0,2.0,3,2,Yes,9.0,14,23.0,No
50,Female,Single,Manager,Sales,Travel_Frequently,11,8984.0,2.0,2,4,No,6.0,22,,No
18,Female,Divorced,Healthcare Representative,Research & Development,Travel_Rarely,14,4567.0,1.0,1,1,No,,20,15.0,Yes
36,Female,Single,Healthcare Representative,Sales,Non-Travel,30,18121.0,2.0,3,1,Yes,1.0,24,3.0,No
19,Male,Single,Sales Executive,Sales,Travel_Frequently,13,3674.0,2.0,1,4,Yes,3.0,15,10.0,Yes
43,Female,Single,Research Scientist,Research & Development,Non-Travel,10,12875.0,2.0,3,3,No,2.0,23,15.0,No
49,Female,Single,Research Scientist,Research & Development,Travel_Frequently,25,13572.0,2.0,2,2,No,6.0,20,16.0,No
23,Female,Divorced,Manager,Sales,Travel_Frequently,26,2739.0,2.0,2,3,Yes,9.0,17,17.0,No
49,Male,Divorced,Manager,Sales,Non-Travel,10,,4.0,2,1,No,7.0,14,19.0,No
21,Male,Married,Manager,Sales,Travel_Frequently,37,11327.0,2.0,4,1,Yes,5.0,11,11.0,No
28,Male,Divorced,Research Scientist,Sales,Travel_Frequently,33,7127.0,,1,3,Yes,,21,48.0,No
34,Female,Single,Laboratory Technician,Human Resources,Non-Travel,18,11065.0,1.0,4,1,No,,21,5.0,No
55,Female,Married,Healthcare Representative,Human Resources,Travel_Frequently,5,12492.0,,3,2,No,1.0,11,5.0,No
41,Female,Married,Laboratory Technician,Sales,Travel_Frequently,37,15749.0,4.0,1,4,No,6.0,19,14.0,No
22,Male,Married,Laboratory Technician,Human Resources,Travel_Frequently,27,11045.0,2.0,2,3,Yes,9.0,14,26.0,No
51,Male,Single,Research Scientist,Research & Development,Non-Travel,0,11521.0,1.0,1,2,No,6.0,12,8.0,No
23,Female,Divorced,Laboratory Technician,Human Resources,Travel_Rarely,34,10669.0,3.0,2,2,No,,19,5.0,No
39,Male,Single,Sales Executive,Human Resources,Non-Travel,39,,,4,1,Yes,7.0,12,7.0,Yes
28,Male,Married,Manager,Sales,Travel_Rarely,7,8998.0,1.0,4,2,Yes,3.0,17,16.0,No
33,Male,Single,Sales Executive,Human Resources,Travel_Frequently,6,15440.0,2.0,2,3,No,6.0,16,,No
50,Male,Single,Healthcare Representative,Human Resources,Travel_Rarely,10,14697.0,2.0,2,2,Yes,3.0,10,,No
26,Female,Divorced,Manager,Human Resources,Non-Travel,38,15733.0,,3,4,Yes,,21,41.0,No
23,Male,Divorced,Laboratory Technician,Human Resources,Non-Travel,3,3269.0,2.0,4,2,Yes,6.0,22,,No
33,Male,Married,Healthcare Representative,Research & Development,Travel_Frequently,24,9868.0,,4,2,No,9.0,21,36.0,Yes
46,Male,Single,Manager,Sales,Travel_Rarely,11,14373.0,2.0,3,4,No,,14,48.0,No
20,Male,Single,Laboratory Technician,Sales,Travel_Frequently,25,7961.0,2.0,4,2,Yes,9.0,18,17.0,No
37,Female,Divorced,Sales Executive,Research & Development,Travel_Frequently,37,17734.0,3.0,2,2,Yes,4.0,13,47.0,No
53,Female,Single,Manager,Human Resources,Non-Travel,11,11661.0,4.0,1,1,Yes,2.0,10,36.0,No
36,Male,Single,Laboratory Technician,Research & Development,Travel_Rarely,36,10569.0,3.0,1,3,No,,17,,No
43,Male,Single,Sales Executive,Human Resources,Travel_Rarely,23,9557.0,2.0,4,1,Yes,2.0,14,16.0,No
20,Male,Divorced,Healthcare Representative,Research & Development,Travel_Rarely,15,10433.0,,3,3,Yes,9.0,11,29.0,No
36,Male,Married,Healthcare Representative,Sales,Travel_Rarely,12,17653.0,3.0,2,4,No,6.0,24,36.0,Yes
37,Male,Married,Healthcare Representative,Sales,Travel_Frequently,24,,3.0,1,4,Yes,0.0,21,38.0,No
49,Male,Single,Healthcare Representative,Sales,Travel_Frequently,3,7682.0,4.0,2,4,No,8.0,10,37.0,No
24,Female,Married,Research Scientist,Human Resources,Non-Travel,10,17479.0,3.0,4,3,No,8.0,23,48.0,No
58,Male,Divorced,Manager,Human Resources,Travel_Frequently,31,17047.0,4.0,4,3,No,4.0,21,,Yes
50,Female,Divorced,Manager,Research & Development,Travel_Frequently,6,,2.0,1,3,Yes,8.0,21,10.0,No
57,Female,Married,Research Scientist,Research & Development,Non-Travel,10,,1.0,4,4,Yes,9.0,21,41.0,No
56,Male,Married,Laboratory Technician,Sales,Non-Travel,27,8200.0,1.0,3,3,No,5.0,12,,No
35,Female,Single,Laboratory Technician,Human Resources,Non-Travel,22,12278.0,1.0,4,2,Yes,4.0,18,29.0,No
57,Female,Married,Healthcare Representative,Research & Development,Travel_Frequently,22,,1.0,4,1,No,2.0,10,14.0,No
18,Female,Single,Sales Executive,Human Resources,Travel_Frequently,27,17802.0,2.0,4,4,Yes,7.0,13,4.0,No
28,Female,Single,Laboratory Technician,Human Resources,Non-Travel,25,15329.0,1.0,2,1,No,3.0,17,44.0,No
45,Female,Divorced,Sales Executive,Sales,Non-Travel,24,4779.0,3.0,2,2,No,9.0,17,42.0,No
42,Female,Divorced,Manager,Sales,Non-Travel,28,2755.0,3.0,1,3,Yes,2.0,19,36.0,Yes
40,Male,Divorced,Sales Executive,Human Resources,Travel_Frequently,18,8495.0,1.0,1,1,Yes,5.0,21,45.0,Yes
48,Female,Divorced,Manager,Human Resources,Travel_Frequently,32,12187.0,3.0,1,2,Yes,7.0,20,13.0,No
47,Female,Married,Research Scientist,Human Resources,Travel_Rarely,35,11513.0,4.0,4,2,Yes,8.0,22,46.0,Yes
59,Female,Divorced,Research Scientist,Human Resources,Travel_Frequently,13,19400.0,2.0,2,1,No,,20,18.0,No
52,Male,Married,Healthcare Representative,Sales,Travel_Frequently,13,,1.0,3,4,No,4.0,17,33.0,Yes
24,Female,Divorced,Laboratory Technician,Research & Development,Travel_Frequently,34,16249.0,1.0,4,1,Yes,1.0,19,,Yes
33,Male,Married,Healthcare Representative,Sales,Non-Travel,29,16879.0,2.0,4,4,Yes,1.0,17,,No
43,Female,Single,Manager,Research & Development,Travel_Frequently,27,16057.0,3.0,4,3,No,8.0,13,15.0,Yes
19,Male,Married,Healthcare Representative,Human Resources,Non-Travel,16,14057.0,2.0,3,4,Yes,1.0,17,5.0,No
18,Male,Married,Sales Executive,Research & Development,Travel_Rarely,2,6938.0,2.0,1,3,Yes,1.0,18,6.0,Yes
29,Female,Divorced,Manager,Sales,Travel_Rarely,15,2737.0,3.0,3,1,Yes,2.0,16,38.0,No
22,Female,Married,Research Scientist,Sales,Non-Travel,29,8200.0,,1,3,Yes,2.0,23,3.0,No
54,Male,Single,Laboratory Technician,Human Resources,Non-Travel,28,10371.0,3.0,3,2,No,3.0,21,48.0,No
49,Female,Single,Manager,Sales,Non-Travel,14,18615.0,,2,3,No,6.0,11,12.0,No
26,Male,Divorced,Manager,Human Resources,Travel_Frequently,24,10534.0,2.0,4,4,Yes,8.0,18,36.0,Yes
58,Male,Single,Sales Executive,Sales,Travel_Rarely,37,4623.0,4.0,4,4,No,1.0,20,33.0,No
52,Male,Married,Laboratory Technician,Sales,Non-Travel,37,10646.0,3.0,4,4,Yes,3.0,17,36.0,No
36,Male,Single,Research Scientist,Human Resources,Travel_Frequently,22,15543.0,2.0,1,3,Yes,,22,33.0,No
33,Male,Divorced,Manager,Research & Development,Travel_Rarely,24,14817.0,3.0,3,4,Yes,1.0,14,,No
20,Female,Married,Manager,Sales,Travel_Frequently,6,6497.0,4.0,2,4,No,9.0,24,21.0,No
37,Male,Divorced,Sales Executive,Research & Development,Travel_Rarely,21,9933.0,4.0,3,2,No,0.0,21,27.0,No
41,Male,Married,Healthcare Representative,Sales,Travel_Frequently,16,8727.0,1.0,4,3,No,9.0,12,27.0,No
50,Female,Single,Research Scientist,Sales,Travel_Rarely,17,14156.0,3.0,2,2,No,7.0,16,8.0,No
41,Male,Divorced,Laboratory Technician,Sales,Travel_Rarely,9,,3.0,2,4,No,,23,37.0,Yes
28,Female,Divorced,Manager,Sales,Travel_Frequently,9,18692.0,,4,4,Yes,6.0,23,32.0,No
25,Female,Married,Manager,Research & Development,Non-Travel,6,10627.0,3.0,3,4,Yes,7.0,24,26.0,Yes
53,Female,Divorced,Research Scientist,Research & Development,Travel_Rarely,37,10368.0,1.0,4,3,No,3.0,11,2.0,No
55,Male,Married,Healthcare Representative,Sales,Non-Travel,26,18522.0,4.0,3,1,No,3.0,22,12.0,No
57,Male,Married,Manager,Sales,Travel_Frequently,32,18577.0,4.0,2,4,No,1.0,12,22.0,No
37,Male,Married,Research Scientist,Research & Development,Non-Travel,0,17577.0,1.0,2,4,Yes,,21,,No
52,Female,Married,Sales Executive,Human Resources,Non-Travel,33,15472.0,3.0,4,4,No,1.0,18,7.0,No
42,Male,Single,Healthcare Representative,Human Resources,Non-Travel,3,2942.0,3.0,2,4,Yes,8.0,13,43.0,Yes
52,Female,Married,Laboratory Technician,Research & Development,Non-Travel,16,6620.0,1.0,1,3,Yes,3.0,13,4.0,No
42,Male,Divorced,Manager,Sales,Non-Travel,3,18195.0,2.0,2,1,No,0.0,12,,No
46,Female,Single,Research Scientist,Sales,Travel_Rarely,25,13154.0,4.0,1,1,Yes,3.0,14,38.0,No
35,Male,Divorced,Sales Executive,Human Resources,Travel_Rarely,3,,1.0,2,1,Yes,2.0,12,32.0,No
35,Male,Single,Laboratory Technician,Human Resources,Travel_Rarely,0,11145.0,1.0,4,4,No,,18,11.0,No
19,Male,Married,Research Scientist,Research & Development,Travel_Frequently,6,11494.0,3.0,4,4,Yes,6.0,24,1.0,No
52,Female,Single,Research Scientist,Human Resources,Non-Travel,29,15562.0,4.0,1,1,No,,12,25.0,No
33,Female,Single,Laboratory Technician,Research & Development,Travel_Rarely,8,4880.0,3.0,4,1,Yes,1.0,11,42.0,No
58,Male,Divorced,Sales Executive,Human Resources,Travel_Frequently,34,2545.0,1.0,2,4,No,5.0,21,24.0,No
53,Male,Divorced,Sales Executive,Human Resources,Travel_Rarely,7,16132.0,2.0,2,4,No,5.0,14,43.0,No
50,Female,Married,Healthcare Representative,Human Resources,Travel_Rarely,23,15304.0,4.0,4,2,Yes,9.0,15,17.0,No
21,Female,Single,Manager,Sales,Non-Travel,18,3927.0,1.0,2,2,No,4.0,10,8.0,No
50,Female,Single,Laboratory Technician,Sales,Travel_Frequently,35,18388.0,1.0,3,2,Yes,9.0,23,45.0,No
31,Male,Single,Laboratory Technician,Sales,Non-Travel,26,13673.0,2.0,3,1,Yes,9.0,21,27.0,Yes
38,Female,Married,Laboratory Technician,Human Resources,Non-Travel,31,,,2,3,No,6.0,20,18.0,No
37,Male,Married,Sales Executive,Research & Development,Travel_Rarely,13,4663.0,1.0,4,4,Yes,2.0,15,,No
25,Female,Married,Manager,Research & Development,Non-Travel,17,17033.0,4.0,1,2,No,3.0,19,22.0,Yes
24,Male,Married,Healthcare Representative,Research & Development,Travel_Frequently,27,,4.0,4,3,Yes,,12,16.0,No
20,Female,Married,Research Scientist,Research & Development,Non-Travel,28,5326.0,4.0,1,4,Yes,8.0,13,2.0,No
34,Female,Divorced,Research Scientist,Sales,Non-Travel,15,5659.0,3.0,4,3,No,,15,5.0,No
50,Female,Single,Laboratory Technician,Sales,Non-Travel,34,19515.0,2.0,2,1,Yes,2.0,17,18.0,No
29,Female,Single,Manager,Human Resources,Travel_Rarely,30,6763.0,4.0,3,1,Yes,,24,3.0,No
39,Female,Single,Sales Executive,Human Resources,Travel_Frequently,3,12828.0,3.0,4,1,Yes,4.0,18,27.0,No
39,Male,Single,Manager,Research & Development,Travel_Rarely,36,16820.0,3.0,1,2,Yes,,15,17.0,No
47,Female,Single,Manager,Sales,Travel_Rarely,16,13221.0,2.0,3,4,Yes,7.0,16,16.0,No
55,Female,Single,Sales Executive,Research & Development,Travel_Rarely,38,,,1,1,Yes,6.0,24,6.0,No
55,Female,Single,Laboratory Technician,Human Resources,Travel_Rarely,25,,1.0,2,2,Yes,5.0,23,7.0,No
25,Male,Single,Manager,Human Resources,Travel_Rarely,38,7092.0,,3,2,Yes,1.0,14,14.0,No
44,Female,Divorced,Research Scientist,Research & Development,Travel_Frequently,3,8022.0,4.0,1,2,No,2.0,23,38.0,No
44,Male,Single,Sales Executive,Human Resources,Non-Travel,29,14569.0,2.0,4,2,Yes,9.0,21,,No
51,Female,Divorced,Healthcare Representative,Research & Development,Travel_Rarely,29,15515.0,3.0,2,1,Yes,,24,15.0,Yes
38,Female,Married,Laboratory Technician,Sales,Travel_Rarely,21,8159.0,,2,2,No,8.0,18,47.0,No
47,Male,Single,Sales Executive,Research & Development,Travel_Frequently,10,15223.0,3.0,2,1,No,,13,47.0,No
50,Female,Married,Healthcare Representative,Sales,Travel_Frequently,1,10445.0,2.0,4,1,No,2.0,19,48.0,No
45,Male,Married,Healthcare Representative,Sales,Non-Travel,11,13022.0,,4,2,Yes,,20,33.0,No
50,Male,Married,Manager,Human Resources,Travel_Frequently,29,5044.0,3.0,3,1,No,7.0,15,43.0,No
22,Female,Divorced,Manager,Human Resources,Non-Travel,35,11612.0,4.0,4,4,No,5.0,14,27.0,Yes
36,Male,Married,Manager,Human Resources,Travel_Rarely,17,7636.0,2.0,3,4,Yes,9.0,10,29.0,No
21,Female,Married,Sales Executive,Research & Development,Travel_Rarely,25,13593.0,1.0,2,3,Yes,,14,37.0,No
52,Female,Married,Sales Executive,Research & Development,Non-Travel,6,18179.0,4.0,3,4,No,0.0,22,5.0,No
34,Male,Single,Laboratory Technician,Human Resources,Travel_Frequently,0,4892.0,,1,1,No,0.0,14,29.0,No
45,Male,Single,Manager,Research & Development,Non-Travel,25,7812.0,4.0,2,1,Yes,9.0,23,32.0,No
47,Male,Divorced,Healthcare Representative,Human Resources,Travel_Frequently,22,2654.0,3.0,2,4,Yes,1.0,18,6.0,No
46,Male,Divorced,Research Scientist,Research & Development,Travel_Rarely,25,19143.0,,3,2,Yes,9.0,10,2.0,Yes
23,Female,Single,Laboratory Technician,Sales,Travel_Frequently,5,3798.0,4.0,2,2,Yes,2.0,24,6.0,No
52,Female,Divorced,Sales Executive,Sales,Non-Travel,5,7159.0,3.0,4,1,Yes,,14,46.0,No
58,Male,Single,Laboratory Technician,Human Resources,Non-Travel,7,13618.0,2.0,1,2,No,4.0,24,43.0,No
54,Female,Married,Laboratory Technician,Research & Development,Travel_Rarely,23,10446.0,2.0,3,3,Yes,2.0,16,4.0,No
41,Female,Married,Laboratory Technician,Research & Development,Travel_Frequently,21,5823.0,3.0,3,3,Yes,0.0,20,29.0,No
46,Female,Divorced,Laboratory Technician,Sales,Travel_Frequently,18,18099.0,3.0,2,4,Yes,7.0,15,25.0,No
48,Female,Single,Research Scientist,Sales,Travel_Frequently,36,9787.0,4.0,4,4,Yes,5.0,15,9.0,No
52,Male,Single,Manager,Human Resources,Travel_Rarely,17,13196.0,2.0,2,2,Yes,8.0,21,3.0,Yes
50,Male,Divorced,Healthcare Representative,Sales,Travel_Frequently,30,8380.0,1.0,2,1,No,2.0,16,26.0,No
38,Female,Single,Laboratory Technician,Human Resources,Non-Travel,36,19392.0,3.0,3,4,Yes,8.0,15,48.0,No
49,Male,Married,Laboratory Technician,Sales,Travel_Frequently,29,,2.0,2,3,No,8.0,14,43.0,No
40,Male,Divorced,Laboratory Technician,Sales,Travel_Rarely,32,4682.0,2.0,1,4,Yes,0.0,19,,No
50,Male,Divorced,Manager,Research & Development,Travel_Frequently,9,,4.0,2,4,No,2.0,14,,No
20,Female,Single,Sales Executive,Sales,Travel_Frequently,36,14476.0,1.0,2,3,No,5.0,18,,No
35,Female,Divorced,Sales Executive,Sales,Non-Travel,11,10446.0,4.0,3,1,Yes,7.0,23,1.0,No
42,Female,Single,Research Scientist,Human Resources,Travel_Frequently,29,6711.0,1.0,2,4,Yes,3.0,17,16.0,No
59,Male,Single,Sales Executive,Sales,Non-Travel,26,8479.0,1.0,4,4,Yes,4.0,23,48.0,No
48,Female,Single,Laboratory Technician,Human Resources,Non-Travel,38,,3.0,3,4,Yes,8.0,21,11.0,Yes
20,Female,Single,Laboratory Technician,Sales,Travel_Rarely,8,16635.0,2.0,2,2,Yes,5.0,24,26.0,No
57,Male,Single,Laboratory Technician,Sales,Non-Travel,20,10075.0,2.0,1,4,No,6.0,19,40.0,Yes
41,Female,Divorced,Research Scientist,Human Resources,Non-Travel,11,3007.0,2.0,1,3,Yes,6.0,23,1.0,No
49,Female,Married,Laboratory Technician,Research & Development,Travel_Rarely,28,9688.0,1.0,3,1,Yes,3.0,13,26.0,No
39,Male,Married,Sales Executive,Human Resources,Non-Travel,32,12763.0,2.0,3,1,No,3.0,13,28.0,Yes
40,Male,Divorced,Manager,Human Resources,Travel_Rarely,14,5908.0,3.0,2,3,Yes,3.0,19,,Yes
19,Male,Divorced,Manager,Human Resources,Travel_Frequently,1,13957.0,1.0,4,2,No,4.0,14,44.0,Yes
44,Female,Married,Healthcare Representative,Research & Development,Travel_Rarely,38,6379.0,1.0,2,3,Yes,4.0,22,,No
59,Female,Married,Sales Executive,Sales,Non-Travel,17,18482.0,1.0,1,1,No,7.0,22,8.0,Yes
19,Female,Married,Laboratory Technician,Human Resources,Travel_Rarely,2,2877.0,1.0,4,3,Yes,8.0,12,49.0,No
43,Male,Married,Manager,Human Resources,Non-Travel,6,17585.0,3.0,4,2,No,1.0,24,42.0,Yes
34,Male,Married,Sales Executive,Research & Development,Travel_Frequently,17,19772.0,2.0,4,1,No,6.0,17,27.0,No
57,Female,Single,Manager,Human Resources,Travel_Rarely,37,4637.0,3.0,2,2,Yes,0.0,16,39.0,No
50,Female,Divorced,Laboratory Technician,Sales,Travel_Frequently,36,9242.0,2.0,1,3,Yes,0.0,14,19.0,No
26,Male,Single,Manager,Research & Development,Non-Travel,32,11257.0,3.0,3,4,Yes,3.0,19,25.0,Yes
56,Male,Married,Healthcare Representative,Sales,Non-Travel,30,10613.0,4.0,2,3,No,9.0,12,38.0,No
46,Male,Married,Healthcare Representative,Sales,Travel_Frequently,10,4883.0,4.0,3,2,No,6.0,24,21.0,No
59,Male,Married,Manager,Research & Development,Travel_Rarely,3,,4.0,4,3,No,1.0,14,24.0,No
43,Female,Single,Sales Executive,Human Resources,Travel_Rarely,17,18928.0,,4,4,Yes,1.0,12,24.0,No
52,Male,Single,Sales Executive,Sales,Non-Travel,3,13831.0,1.0,2,2,Yes,0.0,19,19.0,No
42,Female,Married,Sales Executive,Sales,Travel_Frequently,33,17464.0,1.0,1,3,No,9.0,14,47.0,No
41,Female,Single,Manager,Sales,Travel_Frequently,28,19607.0,,4,2,Yes,1.0,10,2.0,No
30,Female,Single,Sales Executive,Sales,Travel_Rarely,23,,3.0,3,2,No,6.0,15,14.0,No
24,Male,Married,Laboratory Technician,Research & Development,Travel_Rarely,21,8520.0,4.0,3,1,Yes,8.0,19,32.0,No
53,Male,Single,Healthcare Representative,Research & Development,Travel_Rarely,1,2654.0,2.0,2,1,Yes,5.0,13,42.0,Yes
37,Male,Divorced,Laboratory Technician,Sales,Travel_Frequently,5,10412.0,4.0,3,2,No,9.0,13,32.0,Yes
18,Male,Divorced,Sales Executive,Human Resources,Travel_Rarely,24,5666.0,3.0,1,3,Yes,1.0,17,28.0,Yes
25,Female,Divorced,Laboratory Technician,Sales,Travel_Rarely,20,6277.0,4.0,4,3,Yes,9.0,11,48.0,No
33,Male,Divorced,Sales Executive,Human Resources,Non-Travel,15,7515.0,3.0,3,3,Yes,9.0,13,39.0,No
31,Male,Married,Manager,Sales,Travel_Rarely,30,11205.0,4.0,3,4,Yes,8.0,24,40.0,No
29,Female,Married,Laboratory Technician,Human Resources,Travel_Rarely,13,17198.0,2.0,4,2,Yes,6.0,11,42.0,Yes
40,Male,Married,Manager,Sales,Travel_Frequently,38,,4.0,2,2,No,0.0,10,47.0,No
32,Female,Divorced,Manager,Human Resources,Travel_Frequently,27,15135.0,2.0,3,4,Yes,8.0,19,40.0,No
45,Female,Divorced,Research Scientist,Sales,Non-Travel,31,10167.0,,2,2,No,1.0,22,13.0,No
51,Female,Single,Sales Executive,Sales,Travel_Rarely,27,9448.0,3.0,2,2,Yes,,22,12.0,No
19,Female,Single,Healthcare Representative,Human Resources,Non-Travel,8,5681.0,2.0,3,4,Yes,8.0,12,8.0,No
49,Female,Divorced,Sales Executive,Research & Development,Travel_Frequently,21,18956.0,1.0,1,1,No,,21,15.0,No
40,Female,Divorced,Healthcare Representative,Human Resources,Non-Travel,31,11524.0,1.0,2,2,No,,17,26.0,No
39,Female,Divorced,Sales Executive,Research & Development,Travel_Frequently,4,6753.0,1.0,3,4,Yes,0.0,15,12.0,No
42,Female,Divorced,Manager,Sales,Non-Travel,22,9082.0,3.0,2,3,Yes,6.0,21,43.0,No
39,Male,Single,Laboratory Technician,Human Resources,Non-Travel,4,6002.0,1.0,4,1,No,5.0,16,46.0,No
39,Male,Divorced,Laboratory Technician,Human Resources,Travel_Rarely,31,7629.0,3.0,1,3,No,9.0,11,27.0,No
59,Male,Single,Research Scientist,Human Resources,Non-Travel,9,14278.0,3.0,1,2,No,3.0,15,18.0,No
23,Male,Divorced,Healthcare Representative,Research & Development,Travel_Rarely,38,10417.0,1.0,4,1,No,5.0,23,45.0,Yes
32,Female,Divorced,Healthcare Representative,Research & Development,Travel_Rarely,14,3997.0,2.0,4,4,Yes,,17,36.0,No
54,Male,Divorced,Healthcare Representative,Sales,Travel_Rarely,6,10963.0,4.0,2,2,Yes,,17,49.0,No
50,Female,Single,Manager,Research & Development,Travel_Rarely,28,17784.0,3.0,4,4,Yes,5.0,13,27.0,No
25,Male,Single,Healthcare Representative,Research & Development,Non-Travel,2,6524.0,,1,1,Yes,9.0,15,9.0,No
22,Male,Married,Laboratory Technician,Sales,Travel_Frequently,18,5407.0,3.0,4,3,Yes,7.0,23,39.0,No
56,Male,Divorced,Manager,Human Resources,Travel_Frequently,9,,2.0,3,2,No,2.0,14,,No
21,Female,Married,Sales Executive,Human Resources,Travel_Frequently,27,9795.0,2.0,3,2,No,3.0,18,7.0,No
23,Male,Married,Healthcare Representative,Sales,Non-Travel,28,13332.0,1.0,2,4,No,9.0,17,26.0,No
49,Female,Single,Healthcare Representative,Human Resources,Travel_Rarely,14,4911.0,3.0,1,1,Yes,0.0,11,7.0,No
47,Female,Single,Sales Executive,Research & Development,Travel_Frequently,34,18634.0,4.0,3,4,No,3.0,21,7.0,No
52,Male,Married,Healthcare Representative,Sales,Non-Travel,5,17194.0,4.0,4,1,Yes,9.0,22,8.0,No
57,Male,Divorced,Sales Executive,Sales,Travel_Rarely,11,,3.0,3,2,Yes,9.0,16,16.0,Yes
33,Male,Single,Manager,Sales,Travel_Frequently,37,10098.0,3.0,3,1,Yes,8.0,16,3.0,No
30,Female,Divorced,Laboratory Technician,Human Resources,Travel_Rarely,12,18117.0,3.0,2,2,No,7.0,20,45.0,No
59,Male,Divorced,Sales Executive,Sales,Travel_Frequently,28,10102.0,1.0,4,1,Yes,3.0,23,10.0,No
47,Female,Married,Research Scientist,Sales,Travel_Frequently,18,7565.0,2.0,4,3,Yes,6.0,23,7.0,No
36,Female,Married,Sales Executive,Sales,Travel_Frequently,2,3173.0,4.0,4,1,No,9.0,21,21.0,No
34,Male,Married,Healthcare Representative,Human Resources,Travel_Rarely,7,10624.0,1.0,2,3,Yes,2.0,10,37.0,Yes
36,Male,Married,Manager,Research & Development,Non-Travel,7,16394.0,3.0,4,1,No,8.0,10,31.0,No
45,Female,Single,Manager,Sales,Travel_Rarely,19,15256.0,3.0,4,1,Yes,9.0,21,23.0,No
43,Female,Single,Sales Executive,Research & Development,Travel_Frequently,3,2835.0,2.0,3,4,No,3.0,13,27.0,Yes
54,Female,Married,Laboratory Technician,Human Resources,Travel_Rarely,20,13824.0,3.0,3,4,Yes,1.0,14,22.0,Yes
43,Male,Single,Research Scientist,Human Resources,Non-Travel,2,6567.0,1.0,4,2,Yes,9.0,24,39.0,No
40,Female,Married,Manager,Human Resources,Travel_Rarely,7,5815.0,1.0,1,4,No,4.0,13,27.0,No
26,Male,Divorced,Healthcare Representative,Human Resources,Non-Travel,22,,2.0,1,1,Yes,1.0,16,49.0,No
29,Female,Divorced,Healthcare Representative,Research & Development,Non-Travel,15,4429.0,1.0,4,4,No,,12,4.0,No
18,Female,Divorced,Laboratory Technician,Sales,Travel_Rarely,12,11182.0,4.0,1,1,Yes,5.0,16,24.0,No
18,Male,Married,Manager,Human Resources,Travel_Frequently,2,11118.0,1.0,2,3,No,9.0,22,23.0,No
51,Female,Divorced,Sales Executive,Human Resources,Non-Travel,8,13630.0,1.0,3,1,Yes,0.0,17,48.0,No
49,Male,Single,Healthcare Representative,Research & Development,Travel_Rarely,13,,1.0,2,2,Yes,,15,19.0,No
42,Male,Divorced,Laboratory Technician,Research & Development,Non-Travel,12,7930.0,4.0,3,3,Yes,3.0,15,42.0,No
57,Female,Divorced,Manager,Human Resources,Travel_Frequently,6,6022.0,3.0,1,2,No,2.0,17,3.0,No
18,Male,Divorced,Manager,Sales,Travel_Rarely,14,13991.0,1.0,1,2,No,1.0,17,27.0,No
33,Male,Single,Manager,Sales,Travel_Rarely,6,8617.0,2.0,4,2,No,6.0,16,3.0,No
56,Female,Married,Manager,Human Resources,Travel_Rarely,37,5151.0,,1,4,No,,15,28.0,Yes
22,Male,Single,Manager,Research & Development,Travel_Frequently,33,7580.0,2.0,1,2,No,2.0,15,17.0,Yes
39,Male,Married,Healthcare Representative,Human Resources,Non-Travel,21,9054.0,1.0,4,3,Yes,5.0,19,31.0,No
46,Male,Married,Laboratory Technician,Human Resources,Travel_Rarely,23,9619.0,,4,1,Yes,8.0,20,10.0,No
20,Female,Divorced,Manager,Research & Development,Non-Travel,36,17823.0,1.0,3,2,Yes,,22,49.0,Yes
29,Male,Married,Research Scientist,Human Resources,Non-Travel,0,15247.0,4.0,1,3,Yes,6.0,22,,No
43,Female,Single,Research Scientist,Human Resources,Travel_Frequently,9,6573.0,2.0,3,2,Yes,4.0,15,30.0,No
33,Female,Single,Laboratory Technician,Human Resources,Travel_Rarely,15,17339.0,2.0,3,1,No,4.0,17,49.0,No
54,Male,Married,Sales Executive,Research & Development,Non-Travel,7,5491.0,1.0,2,3,Yes,6.0,10,21.0,No
39,Male,Divorced,Sales Executive,Sales,Travel_Rarely,24,2706.0,1.0,1,3,No,8.0,14,36.0,No
46,Male,Divorced,Sales Executive,Sales,Travel_Rarely,11,17728.0,3.0,1,1,Yes,3.0,12,23.0,No
31,Female,Single,Research Scientist,Research & Development,Travel_Frequently,24,8997.0,1.0,2,3,No,8.0,21,38.0,No
45,Male,Divorced,Sales Executive,Sales,Travel_Rarely,16,7233.0,1.0,3,1,No,9.0,17,12.0,No
22,Male,Married,Healthcare Representative,Human Resources,Travel_Rarely,25,7755.0,3.0,1,3,No,8.0,20,,Yes
47,Male,Married,Manager,Sales,Non-Travel,13,19718.0,1.0,3,3,Yes,3.0,15,20.0,No
22,Male,Single,Research Scientist,Human Resources,Travel_Frequently,35,8851.0,1.0,2,1,Yes,2.0,23,49.0,No
29,Male,Married,Laboratory Technician,Sales,Travel_Rarely,22,14126.0,3.0,4,1,Yes,1.0,11,49.0,Yes
33,Female,Single,Laboratory Technician,Research & Development,Non-Travel,5,,4.0,3,3,Yes,8.0,24,42.0,No
43,Female,Married,Manager,Sales,Travel_Frequently,4,14118.0,4.0,1,3,No,,22,7.0,No
43,Male,Single,Research Scientist,Sales,Travel_Frequently,24,,1.0,4,1,No,5.0,16,29.0,Yes
38,Male,Divorced,Sales Executive,Sales,Non-Travel,17,14212.0,1.0,3,4,No,4.0,16,48.0,Yes
56,Male,Married,Sales Executive,Research & Development,Non-Travel,12,,3.0,3,1,No,4.0,22,29.0,No
53,Male,Married,Healthcare Representative,Sales,Non-Travel,13,12390.0,3.0,4,3,Yes,3.0,14,13.0,No
50,Female,Single,Healthcare Representative,Research & Development,Non-Travel,27,16863.0,4.0,4,3,No,5.0,17,3.0,No
47,Male,Single,Sales Executive,Human Resources,Non-Travel,17,,2.0,4,3,Yes,4.0,23,,Yes
54,Female,Married,Laboratory Technician,Sales,Travel_Rarely,27,9060.0,1.0,1,1,No,3.0,14,16.0,No
40,Female,Single,Laboratory Technician,Research & Development,Travel_Rarely,26,17504.0,2.0,1,3,No,8.0,10,30.0,No
27,Male,Married,Healthcare Representative,Research & Development,Travel_Frequently,31,5057.0,2.0,3,4,No,5.0,18,38.0,No
22,Female,Divorced,Manager,Sales,Travel_Rarely,8,6428.0,3.0,3,2,Yes,9.0,13,6.0,No
53,Female,Single,Sales Executive,Human Resources,Travel_Rarely,39,2402.0,,2,4,Yes,9.0,22,,No
51,Female,Married,Healthcare Representative,Research & Development,Travel_Rarely,31,10605.0,,1,1,No,,11,7.0,No
48,Female,Divorced,Healthcare Representative,Sales,Non-Travel,19,17761.0,,3,3,No,2.0,13,5.0,Yes
27,Male,Divorced,Sales Executive,Human Resources,Travel_Frequently,27,2867.0,2.0,4,1,No,9.0,23,7.0,No
36,Male,Married,Sales Executive,Research & Development,Travel_Frequently,32,15779.0,3.0,4,2,Yes,5.0,22,34.0,No
49,Female,Single,Laboratory Technician,Research & Development,Travel_Frequently,3,17155.0,4.0,1,1,Yes,0.0,18,32.0,No
18,Male,Married,Manager,Human Resources,Travel_Frequently,33,10210.0,,4,3,Yes,4.0,11,49.0,No
22,Male,Divorced,Manager,Human Resources,Travel_Rarely,2,,4.0,2,2,No,9.0,13,13.0,Yes
21,Male,Married,Sales Executive,Sales,Travel_Rarely,25,17366.0,,3,2,Yes,5.0,11,30.0,No
33,Male,Single,Research Scientist,Sales,Non-Travel,7,8571.0,1.0,3,3,No,7.0,14,25.0,No
41,Male,Divorced,Healthcare Representative,Research & Development,Travel_Frequently,5,18963.0,4.0,3,3,Yes,8.0,12,21.0,No
33,Female,Married,Healthcare Representative,Human Resources,Travel_Rarely,15,16017.0,4.0,1,3,No,,19,21.0,Yes
19,Male,Single,Sales Executive,Human Resources,Travel_Rarely,23,8468.0,2.0,4,1,No,1.0,11,28.0,No
45,Male,Divorced,Research Scientist,Human Resources,Non-Travel,38,6150.0,1.0,2,4,Yes,3.0,23,48.0,No
49,Male,Single,Laboratory Technician,Research & Development,Non-Travel,29,15065.0,4.0,1,1,No,7.0,18,20.0,No
44,Male,Divorced,Sales Executive,Human Resources,Non-Travel,12,6137.0,4.0,3,1,No,7.0,14,34.0,No
37,Female,Married,Sales Executive,Human Resources,Travel_Rarely,4,14236.0,2.0,2,4,No,2.0,19,5.0,No
41,Female,Single,Healthcare Representative,Research & Development,Travel_Rarely,24,18836.0,,3,3,Yes,3.0,14,18.0,No
29,Female,Divorced,Sales Executive,Sales,Non-Travel,19,14153.0,4.0,3,3,No,2.0,10,39.0,No
52,Female,Single,Sales Executive,Sales,Travel_Frequently,17,15833.0,4.0,1,4,Yes,9.0,15,43.0,No
50,Male,Single,Sales Executive,Research & Development,Non-Travel,17,3381.0,2.0,3,4,Yes,1.0,22,11.0,No
50,Female,Married,Healthcare Representative,Human Resources,Non-Travel,1,10154.0,4.0,2,1,No,3.0,16,,No
54,Male,Single,Laboratory Technician,Research & Development,Non-Travel,9,3467.0,4.0,3,2,Yes,5.0,10,48.0,No
29,Male,Divorced,Laboratory Technician,Sales,Non-Travel,11,15439.0,1.0,4,4,No,4.0,18,45.0,No
20,Male,Divorced,Sales Executive,Sales,Travel_Rarely,12,19264.0,1.0,3,1,Yes,2.0,17,22.0,No
18,Male,Divorced,Healthcare Representative,Research & Development,Travel_Frequently,10,14006.0,2.0,1,2,No,1.0,21,37.0,No
50,Male,Divorced,Laboratory Technician,Research & Development,Non-Travel,18,5149.0,3.0,2,3,Yes,8.0,23,20.0,No
57,Female,Married,Laboratory Technician,Sales,Travel_Frequently,34,9892.0,1.0,1,3,No,,23,,No
27,Female,Single,Laboratory Technician,Research & Development,Travel_Frequently,38,18136.0,2.0,4,1,No,8.0,17,48.0,No
46,Female,Married,Healthcare Representative,Sales,Travel_Frequently,25,3168.0,4.0,3,1,No,0.0,16,48.0,Yes
30,Female,Single,Healthcare Representative,Research & Development,Non-Travel,13,14356.0,4.0,1,4,No,,14,46.0,No
29,Male,Single,Sales Executive,Research & Development,Travel_Rarely,23,5129.0,2.0,1,3,Yes,5.0,12,6.0,No
48,Female,Single,Manager,Research & Development,Non-Travel,0,17032.0,4.0,1,1,Yes,,24,34.0,Yes
19,Male,Married,Laboratory Technician,Sales,Travel_Frequently,21,4526.0,4.0,1,3,No,2.0,21,14.0,No
52,Female,Single,Manager,Research & Development,Travel_Frequently,22,13059.0,3.0,4,3,Yes,2.0,23,48.0,No
40,Male,Married,Healthcare Representative,Sales,Travel_Rarely,18,5516.0,,4,4,No,0.0,18,23.0,Yes
34,Male,Divorced,Healthcare Representative,Sales,Non-Travel,17,12386.0,1.0,3,2,No,3.0,23,20.0,No
43,Female,Divorced,Healthcare Representative,Research & Development,Travel_Frequently,11,5555.0,4.0,3,4,Yes,1.0,16,13.0,No
25,Male,Single,Manager,Research & Development,Travel_Rarely,27,18012.0,2.0,2,1,Yes,9.0,20,47.0,Yes
46,Male,Married,Healthcare Representative,Sales,Travel_Frequently,27,16157.0,3.0,4,4,No,7.0,19,44.0,No
43,Female,Divorced,Sales Executive,Sales,Travel_Rarely,32,7111.0,4.0,1,4,Yes,2.0,19,41.0,No
27,Male,Married,Healthcare Representative,Human Resources,Travel_Rarely,18,8752.0,2.0,1,3,No,6.0,17,32.0,No
43,Female,Married,Research Scientist,Sales,Non-Travel,27,18829.0,1.0,2,4,Yes,6.0,23,26.0,Yes
51,Female,Single,Manager,Human Resources,Travel_Frequently,36,8364.0,4.0,1,1,Yes,8.0,15,14.0,No
58,Female,Divorced,Research Scientist,Human Resources,Non-Travel,25,5626.0,3.0,2,2,Yes,5.0,21,36.0,No
24,Male,Single,Healthcare Representative,Human Resources,Travel_Frequently,34,5875.0,4.0,3,4,Yes,0.0,23,8.0,No
21,Male,Single,Sales Executive,Research & Development,Non-Travel,33,7497.0,,4,4,Yes,7.0,20,40.0,No
28,Male,Divorced,Laboratory Technician,Research & Development,Travel_Frequently,34,17979.0,3.0,2,2,No,,23,22.0,No
46,Female,Divorced,Healthcare Representative,Sales,Non-Travel,39,13529.0,4.0,1,1,Yes,,14,22.0,Yes
53,Male,Married,Sales Executive,Human Resources,Travel_Rarely,15,18645.0,1.0,2,1,Yes,4.0,24,16.0,No
42,Female,Divorced,Manager,Research & Development,Travel_Frequently,37,15382.0,3.0,3,4,No,7.0,17,27.0,No
38,Female,Married,Research Scientist,Research & Development,Travel_Frequently,12,6025.0,1.0,1,3,No,8.0,12,10.0,No
53,Male,Married,Research Scientist,Research & Development,Travel_Rarely,22,12458.0,2.0,3,4,No,6.0,21,25.0,No
27,Female,Married,Research Scientist,Research & Development,Non-Travel,21,15844.0,4.0,3,2,Yes,8.0,22,31.0,No
54,Male,Divorced,Manager,Research & Development,Travel_Frequently,15,6175.0,1.0,2,2,Yes,2.0,22,,No
26,Male,Single,Sales Executive,Human Resources,Travel_Frequently,27,11174.0,2.0,3,2,No,4.0,16,,No
41,Male,Married,Manager,Human Resources,Non-Travel,34,,4.0,1,4,No,9.0,11,17.0,Yes
52,Male,Single,Research Scientist,Human Resources,Travel_Rarely,7,12725.0,2.0,3,4,No,7.0,12,33.0,No
52,Male,Single,Healthcare Representative,Human Resources,Non-Travel,21,2693.0,1.0,3,1,No,0.0,24,31.0,No
53,Female,Divorced,Laboratory Technician,Sales,Non-Travel,20,10347.0,2.0,2,3,Yes,7.0,22,,No
35,Female,Single,Manager,Human Resources,Non-Travel,25,13780.0,3.0,3,4,Yes,6.0,21,26.0,No
56,Female,Single,Manager,Research & Development,Travel_Frequently,39,15841.0,4.0,4,1,Yes,0.0,24,21.0,No
49,Male,Divorced,Sales Executive,Human Resources,Travel_Rarely,20,16254.0,2.0,2,4,Yes,9.0,11,36.0,No
41,Male,Married,Sales Executive,Sales,Travel_Rarely,24,16021.0,1.0,2,1,Yes,9.0,14,1.0,No
40,Male,Single,Manager,Research & Development,Non-Travel,0,15368.0,4.0,1,1,No,5.0,16,4.0,No
49,Female,Divorced,Research Scientist,Human Resources,Travel_Frequently,5,7724.0,3.0,1,3,Yes,0.0,20,4.0,No
54,Male,Single,Laboratory Technician,Human Resources,Non-Travel,22,,4.0,1,4,No,1.0,19,,No
29,Female,Single,Sales Executive,Human Resources,Travel_Frequently,22,,3.0,1,1,No,4.0,20,4.0,Yes
30,Female,Married,Research Scientist,Research & Development,Travel_Frequently,22,16572.0,4.0,4,2,No,1.0,20,,Yes
40,Male,Single,Healthcare Representative,Research & Development,Travel_Frequently,31,19794.0,2.0,2,2,Yes,9.0,20,9.0,No
42,Male,Divorced,Sales Executive,Sales,Travel_Frequently,29,9394.0,2.0,3,2,No,0.0,24,30.0,Yes
52,Female,Single,Research Scientist,Research & Development,Travel_Rarely,12,18935.0,1.0,1,3,Yes,5.0,19,45.0,No
58,Male,Married,Research Scientist,Research & Development,Travel_Frequently,17,13586.0,,1,1,No,7.0,24,4.0,Yes
47,Female,Married,Laboratory Technician,Human Resources,Travel_Frequently,22,,1.0,1,3,Yes,7.0,24,5.0,No
34,Male,Divorced,Laboratory Technician,Research & Development,Non-Travel,14,2997.0,2.0,3,4,No,7.0,24,45.0,Yes
37,Male,Married,Healthcare Representative,Human Resources,Non-Travel,32,16390.0,3.0,1,4,Yes,5.0,22,23.0,No
42,Female,Single,Research Scientist,Human Resources,Travel_Rarely,20,8099.0,1.0,3,1,No,2.0,23,16.0,No
39,Male,Married,Research Scientist,Research & Development,Non-Travel,38,15509.0,1.0,2,2,No,0.0,10,22.0,No
30,Female,Divorced,Laboratory Technician,Sales,Travel_Frequently,22,7490.0,1.0,2,1,No,1.0,22,37.0,No
36,Male,Married,Sales Executive,Sales,Non-Travel,26,7616.0,,2,1,No,4.0,19,8.0,No
53,Female,Married,Sales Executive,Research & Development,Travel_Rarely,17,17958.0,1.0,4,1,Yes,9.0,18,48.0,No
29,Female,Married,Manager,Sales,Non-Travel,23,4248.0,3.0,3,3,Yes,4.0,10,33.0,Yes
58,Male,Divorced,Laboratory Technician,Human Resources,Non-Travel,39,,1.0,1,4,Yes,9.0,10,38.0,No
36,Female,Married,Manager,Human Resources,Travel_Rarely,6,12748.0,3.0,1,1,No,0.0,23,43.0,No
29,Male,Married,Laboratory Technician,Research & Development,Travel_Rarely,19,12514.0,1.0,1,1,No,0.0,24,16.0,No
26,Male,Single,Healthcare Representative,Sales,Travel_Frequently,26,10695.0,2.0,1,1,No,8.0,21,5.0,Yes
24,Male,Divorced,Research Scientist,Sales,Non-Travel,5,10070.0,2.0,4,3,No,1.0,19,16.0,No
45,Female,Married,Healthcare Representative,Human Resources,Travel_Frequently,26,10894.0,1.0,1,3,No,,17,7.0,No
31,Female,Divorced,Laboratory Technician,Research & Development,Non-Travel,8,18698.0,4.0,4,3,No,9.0,15,1.0,No
48,Male,Married,Research Scientist,Sales,Non-Travel,30,17123.0,2.0,3,1,Yes,3.0,15,9.0,No
36,Male,Married,Sales Executive,Research & Development,Travel_Frequently,20,4376.0,3.0,2,2,Yes,6.0,21,18.0,No
33,Female,Married,Sales Executive,Sales,Non-Travel,25,6378.0,1.0,1,2,Yes,7.0,18,45.0,No
22,Male,Single,Manager,Human Resources,Non-Travel,39,13182.0,3.0,2,2,Yes,4.0,24,47.0,No
52,Male,Single,Laboratory Technician,Human Resources,Non-Travel,12,2574.0,4.0,3,4,Yes,0.0,13,3.0,No
29,Female,Single,Laboratory Technician,Research & Development,Travel_Rarely,22,15330.0,1.0,3,1,Yes,3.0,17,24.0,No
42,Male,Divorced,Sales Executive,Human Resources,Travel_Frequently,19,10949.0,2.0,1,2,Yes,9.0,13,28.0,No
38,Female,Divorced,Healthcare Representative,Sales,Travel_Rarely,36,7670.0,3.0,3,2,Yes,2.0,23,10.0,Yes
53,Male,Single,Research Scientist,Human Resources,Travel_Frequently,27,8567.0,2.0,2,2,No,9.0,11,9.0,No
40,Female,Divorced,Healthcare Representative,Research & Development,Travel_Frequently,16,,2.0,1,1,No,4.0,20,13.0,No
33,Male,Married,Healthcare Representative,Research & Development,Non-Travel,27,8117.0,1.0,4,2,No,9.0,24,48.0,No
56,Male,Married,Sales Executive,Research & Development,Travel_Frequently,1,9837.0,3.0,1,2,No,9.0,17,35.0,No
59,Female,Married,Sales Executive,Sales,Travel_Rarely,24,18587.0,4.0,2,1,No,5.0,21,23.0,No
56,Male,Single,Sales Executive,Sales,Travel_Rarely,5,16531.0,2.0,1,4,No,1.0,16,47.0,Yes
31,Female,Divorced,Manager,Sales,Travel_Rarely,10,,1.0,1,3,No,6.0,13,17.0,No
48,Male,Single,Healthcare Representative,Sales,Travel_Frequently,37,6109.0,,2,2,Yes,2.0,18,46.0,No
22,Female,Divorced,Laboratory Technician,Sales,Travel_Rarely,5,19106.0,4.0,1,3,Yes,0.0,24,,No
52,Female,Married,Research Scientist,Human Resources,Travel_Frequently,10,15521.0,1.0,1,4,No,9.0,18,16.0,Yes
40,Female,Single,Manager,Sales,Travel_Rarely,13,10720.0,2.0,2,4,Yes,2.0,17,40.0,Yes
46,Female,Divorced,Laboratory Technician,Sales,Travel_Rarely,1,6893.0,1.0,3,2,Yes,8.0,23,,No
28,Male,Divorced,Healthcare Representative,Human Resources,Travel_Frequently,39,18727.0,3.0,2,1,Yes,9.0,10,20.0,No
35,Male,Married,Sales Executive,Sales,Travel_Rarely,2,10400.0,3.0,1,4,Yes,5.0,16,24.0,No
29,Female,Single,Healthcare Representative,Research & Development,Non-Travel,34,,2.0,4,3,Yes,,14,47.0,No
26,Female,Single,Research Scientist,Sales,Travel_Frequently,32,12139.0,3.0,4,3,No,3.0,16,5.0,No
27,Female,Single,Manager,Sales,Travel_Frequently,23,19303.0,4.0,2,3,Yes,7.0,21,45.0,No
34,Male,Married,Manager,Research & Development,Travel_Frequently,18,,1.0,4,3,No,4.0,18,6.0,No
55,Male,Single,Research Scientist,Research & Development,Non-Travel,17,18802.0,2.0,1,4,No,6.0,11,28.0,Yes
24,Male,Married,Laboratory Technician,Research & Development,Travel_Frequently,23,19483.0,4.0,1,2,No,8.0,22,5.0,No
30,Male,Married,Laboratory Technician,Research & Development,Travel_Rarely,34,5392.0,1.0,2,2,Yes,4.0,23,49.0,Yes
57,Female,Married,Manager,Sales,Travel_Rarely,0,12672.0,4.0,1,3,No,4.0,20,39.0,No
59,Female,Divorced,Manager,Research & Development,Travel_Rarely,35,16444.0,2.0,3,2,No,3.0,13,38.0,No
26,Female,Single,Sales Executive,Research & Development,Travel_Frequently,24,,2.0,1,3,No,5.0,13,2.0,No
44,Male,Single,Laboratory Technician,Human Resources,Travel_Rarely,33,19929.0,,2,3,No,1.0,11,43.0,No
19,Male,Married,Research Scientist,Research & Development,Travel_Frequently,24,3070.0,1.0,3,1,Yes,2.0,12,39.0,No
22,Male,Married,Laboratory Technician,Research & Development,Travel_Rarely,15,3850.0,3.0,3,4,No,0.0,20,21.0,Yes
46,Female,Single,Sales Executive,Human Resources,Non-Travel,33,14390.0,3.0,4,4,No,1.0,23,40.0,No
54,Female,Married,Manager,Human Resources,Non-Travel,28,,4.0,1,3,No,1.0,23,,Yes
55,Male,Single,Manager,Sales,Non-Travel,18,12095.0,2.0,2,4,No,7.0,22,18.0,No
36,Female,Divorced,Sales Executive,Human Resources,Non-Travel,22,18301.0,1.0,4,2,Yes,7.0,17,48.0,No
25,Male,Married,Research Scientist,Sales,Travel_Frequently,18,9194.0,1.0,4,3,No,1.0,21,46.0,No
18,Male,Single,Manager,Human Resources,Travel_Rarely,24,7851.0,,1,1,No,,18,12.0,No
39,Female,Married,Healthcare Representative,Human Resources,Non-Travel,15,18378.0,3.0,1,2,No,4.0,15,,No
34,Male,Single,Manager,Sales,Travel_Frequently,8,2678.0,1.0,2,1,No,2.0,19,37.0,No
24,Female,Single,Healthcare Representative,Human Resources,Non-Travel,0,2988.0,4.0,4,1,No,4.0,11,46.0,No
42,Male,Married,Sales Executive,Sales,Non-Travel,18,3502.0,3.0,2,4,No,4.0,11,38.0,No
21,Female,Divorced,Sales Executive,Human Resources,Travel_Frequently,32,18198.0,,4,4,Yes,4.0,16,15.0,No
53,Female,Single,Manager,Research & Development,Travel_Frequently,33,19809.0,3.0,4,3,No,2.0,17,7.0,Yes
23,Female,Single,Laboratory Technician,Human Resources,Travel_Rarely,15,,2.0,4,4,Yes,2.0,17,14.0,No
48,Male,Single,Healthcare Representative,Sales,Travel_Rarely,39,,4.0,1,1,Yes,3.0,23,1.0,No
36,Male,Divorced,Research Scientist,Human Resources,Non-Travel,17,8654.0,4.0,4,1,No,6.0,15,38.0,Yes
56,Female,Divorced,Manager,Sales,Non-Travel,33,4440.0,2.0,4,2,Yes,1.0,19,3.0,No
44,Female,Married,Research Scientist,Sales,Travel_Rarely,24,12234.0,4.0,4,1,No,9.0,17,37.0,No
27,Male,Divorced,Manager,Research & Development,Travel_Rarely,5,9367.0,3.0,3,3,Yes,3.0,23,44.0,Yes
43,Male,Married,Laboratory Technician,Research & Development,Travel_Frequently,20,15490.0,1.0,1,3,No,3.0,24,31.0,No
36,Male,Married,Laboratory Technician,Sales,Travel_Rarely,5,,1.0,3,4,Yes,,10,43.0,No
56,Female,Divorced,Laboratory Technician,Human Resources,Travel_Rarely,31,7517.0,2.0,1,4,Yes,9.0,18,13.0,No
20,Male,Married,Laboratory Technician,Sales,Non-Travel,38,,3.0,2,4,No,7.0,22,48.0,No
30,Male,Divorced,Sales Executive,Sales,Travel_Rarely,30,8310.0,4.0,3,3,Yes,0.0,21,18.0,No
45,Female,Married,Sales Executive,Human Resources,Non-Travel,9,5539.0,4.0,2,1,Yes,7.0,10,17.0,Yes
37,Male,Divorced,Healthcare Representative,Human Resources,Travel_Rarely,29,16744.0,1.0,4,4,Yes,6.0,22,,No
45,Male,Divorced,Research Scientist,Human Resources,Travel_Frequently,17,8378.0,4.0,2,2,Yes,8.0,12,,No
25,Male,Married,Manager,Human Resources,Travel_Rarely,23,11365.0,1.0,2,4,Yes,7.0,21,,No
58,Female,Single,Manager,Sales,Travel_Rarely,8,,2.0,2,3,No,4.0,18,10.0,No
56,Female,Married,Sales Executive,Sales,Travel_Rarely,30,6911.0,4.0,2,4,Yes,7.0,24,29.0,No
18,Female,Divorced,Manager,Research & Development,Non-Travel,14,2403.0,,1,1,Yes,9.0,20,48.0,No
20,Female,Single,Sales Executive,Sales,Travel_Frequently,3,,4.0,3,4,No,2.0,14,34.0,No
30,Female,Married,Healthcare Representative,Human Resources,Travel_Rarely,39,,1.0,1,3,No,9.0,18,17.0,No
45,Female,Married,Research Scientist,Research & Development,Non-Travel,8,18471.0,2.0,1,3,No,6.0,18,42.0,No
42,Female,Married,Healthcare Representative,Human Resources,Travel_Frequently,8,16336.0,,1,2,Yes,3.0,15,,No
50,Male,Single,Laboratory Technician,Sales,Non-Travel,25,7470.0,4.0,2,3,Yes,4.0,20,44.0,No
55,Male,Divorced,Laboratory Technician,Research & Development,Non-Travel,3,,1.0,1,2,Yes,8.0,10,,Yes
23,Female,Married,Laboratory Technician,Human Resources,Travel_Frequently,16,8276.0,1.0,3,1,Yes,6.0,19,39.0,No
49,Male,Married,Healthcare Representative,Research & Development,Travel_Rarely,15,7739.0,2.0,1,3,No,,16,27.0,No
38,Male,Married,Manager,Research & Development,Non-Travel,14,,3.0,4,4,No,5.0,23,26.0,No
33,Female,Married,Research Scientist,Sales,Non-Travel,34,16993.0,4.0,2,1,Yes,9.0,15,28.0,No
38,Male,Married,Laboratory Technician,Human Resources,Travel_Rarely,4,14873.0,2.0,4,4,Yes,6.0,18,13.0,No
28,Male,Divorced,Laboratory Technician,Research & Development,Travel_Rarely,4,15419.0,,3,4,Yes,9.0,16,12.0,No
54,Male,Divorced,Laboratory Technician,Research & Development,Travel_Frequently,19,,1.0,3,4,Yes,8.0,23,44.0,No
53,Male,Married,Research Scientist,Human Resources,Travel_Frequently,14,4064.0,3.0,3,1,No,3.0,21,28.0,No
52,Male,Single,Laboratory Technician,Research & Development,Travel_Frequently,17,7315.0,1.0,3,1,No,9.0,20,2.0,Yes
36,Female,Divorced,Research Scientist,Research & Development,Travel_Rarely,1,12566.0,1.0,1,3,Yes,2.0,21,37.0,Yes
37,Female,Single,Laboratory Technician,Research & Development,Non-Travel,28,2317.0,2.0,2,4,No,7.0,22,34.0,No
35,Female,Divorced,Healthcare Representative,Human Resources,Non-Travel,12,19886.0,1.0,3,2,Yes,0.0,13,23.0,No
58,Male,Married,Healthcare Representative,Human Resources,Travel_Frequently,3,8130.0,2.0,4,3,Yes,8.0,16,45.0,No
31,Female,Divorced,Research Scientist,Human Resources,Travel_Rarely,9,9419.0,,3,1,No,0.0,11,29.0,No
32,Male,Married,Healthcare Representative,Human Resources,Non-Travel,30,4042.0,3.0,2,2,Yes,1.0,15,35.0,No
48,Male,Divorced,Research Scientist,Sales,Travel_Frequently,7,6598.0,1.0,4,1,No,7.0,24,11.0,No
18,Male,Married,Healthcare Representative,Research & Development,Non-Travel,2,,2.0,4,2,Yes,8.0,15,48.0,No
20,Male,Married,Healthcare Representative,Human Resources,Non-Travel,8,2118.0,1.0,4,3,No,6.0,11,33.0,Yes
33,Female,Married,Research Scientist,Research & Development,Travel_Rarely,29,,2.0,1,2,Yes,2.0,23,11.0,No
40,Female,Married,Manager,Research & Development,Travel_Rarely,10,17857.0,2.0,3,3,No,,13,9.0,No
28,Male,Single,Healthcare Representative,Sales,Non-Travel,34,14601.0,2.0,1,1,Yes,5.0,17,14.0,No
29,Female,Married,Laboratory Technician,Human Resources,Travel_Frequently,36,5250.0,,4,2,Yes,,17,9.0,No
27,Male,Single,Manager,Human Resources,Travel_Rarely,12,10061.0,2.0,1,4,No,2.0,22,39.0,No
49,Female,Single,Research Scientist,Research & Development,Non-Travel,35,10609.0,3.0,1,4,Yes,9.0,17,,Yes
33,Female,Married,Manager,Human Resources,Travel_Rarely,12,4603.0,2.0,1,1,No,9.0,17,3.0,No
25,Male,Single,Sales Executive,Research & Development,Travel_Rarely,11,14046.0,3.0,3,2,No,4.0,10,29.0,Yes
55,Female,Divorced,Sales Executive,Research & Development,Travel_Rarely,36,19485.0,4.0,4,4,Yes,,11,19.0,Yes
29,Male,Married,Healthcare Representative,Sales,Non-Travel,9,9857.0,3.0,4,3,Yes,3.0,21,36.0,No
41,Female,Single,Healthcare Representative,Sales,Travel_Frequently,8,,3.0,3,2,Yes,1.0,24,32.0,Yes
45,Male,Married,Laboratory Technician,Sales,Travel_Frequently,6,10177.0,1.0,1,2,Yes,3.0,13,7.0,No
25,Male,Married,Manager,Research & Development,Travel_Frequently,1,13826.0,2.0,1,4,No,7.0,21,28.0,No
45,Female,Married,Sales Executive,Human Resources,Travel_Rarely,22,15890.0,4.0,2,3,Yes,4.0,18,44.0,No
53,Female,Single,Healthcare Representative,Sales,Non-Travel,38,18892.0,1.0,2,3,Yes,4.0,12,18.0,Yes
43,Male,Divorced,Manager,Human Resources,Travel_Rarely,39,15830.0,2.0,2,3,Yes,9.0,23,5.0,No
25,Female,Divorced,Healthcare Representative,Sales,Travel_Frequently,38,11484.0,4.0,3,2,No,2.0,15,23.0,No
45,Female,Single,Healthcare Representative,Sales,Travel_Frequently,20,7495.0,4.0,4,1,Yes,7.0,16,22.0,No
45,Male,Married,Sales Executive,Research & Development,Non-Travel,22,13267.0,4.0,2,2,No,,17,26.0,No
54,Male,Single,Sales Executive,Sales,Travel_Rarely,28,9398.0,2.0,4,2,Yes,1.0,22,42.0,No
58,Female,Single,Healthcare Representative,Sales,Travel_Frequently,13,8743.0,4.0,4,4,No,1.0,16,12.0,No
53,Male,Single,Research Scientist,Research & Development,Non-Travel,25,7171.0,4.0,4,1,Yes,8.0,12,,No
44,Male,Married,Healthcare Representative,Human Resources,Travel_Rarely,4,18005.0,,3,3,Yes,6.0,15,19.0,Yes
34,Male,Single,Healthcare Representative,Sales,Travel_Rarely,30,18708.0,3.0,3,4,No,,14,47.0,No
26,Female,Married,Laboratory Technician,Research & Development,Travel_Frequently,24,,2.0,3,2,Yes,8.0,24,1.0,No
50,Female,Single,Laboratory Technician,Sales,Travel_Frequently,30,12962.0,3.0,3,1,Yes,5.0,22,3.0,Yes
37,Male,Divorced,Laboratory Technician,Research & Development,Travel_Rarely,19,12775.0,1.0,2,3,Yes,4.0,21,27.0,No
30,Female,Single,Research Scientist,Human Resources,Travel_Rarely,16,5557.0,3.0,1,3,No,0.0,19,18.0,No
45,Male,Single,Research Scientist,Human Resources,Travel_Frequently,1,5587.0,4.0,1,2,Yes,5.0,13,30.0,No
46,Female,Divorced,Healthcare Representative,Research & Development,Travel_Rarely,24,18535.0,,1,3,No,5.0,10,2.0,No
30,Male,Married,Laboratory Technician,Research & Development,Travel_Frequently,12,2954.0,2.0,2,3,No,2.0,23,5.0,No
52,Male,Married,Research Scientist,Research & Development,Travel_Rarely,38,15794.0,2.0,1,1,No,2.0,22,29.0,No
23,Female,Single,Sales Executive,Human Resources,Travel_Frequently,27,2687.0,2.0,2,4,Yes,2.0,16,33.0,No
35,Male,Divorced,Healthcare Representative,Sales,Non-Travel,5,10501.0,1.0,2,1,No,2.0,17,42.0,Yes
22,Female,Married,Manager,Human Resources,Travel_Frequently,2,17138.0,,2,4,No,6.0,11,20.0,No
42,Female,Single,Healthcare Representative,Research & Development,Travel_Frequently,34,11694.0,,1,4,Yes,9.0,16,30.0,Yes
19,Male,Divorced,Manager,Research & Development,Non-Travel,17,5127.0,4.0,4,4,No,1.0,15,42.0,Yes
27,Male,Married,Laboratory Technician,Human Resources,Travel_Rarely,10,14760.0,3.0,1,3,No,9.0,14,5.0,No
47,Female,Married,Manager,Research & Development,Non-Travel,19,13559.0,4.0,1,1,Yes,9.0,22,21.0,No
22,Male,Divorced,Laboratory Technician,Human Resources,Travel_Frequently,4,16796.0,,3,3,Yes,1.0,13,,No
50,Male,Divorced,Sales Executive,Research & Development,Travel_Rarely,18,5395.0,4.0,2,2,No,2.0,11,20.0,No
18,Male,Divorced,Manager,Sales,Non-Travel,21,2845.0,2.0,4,1,Yes,9.0,19,8.0,No
35,Male,Divorced,Healthcare Representative,Sales,Travel_Rarely,18,3164.0,2.0,3,4,Yes,6.0,15,49.0,No
49,Male,Single,Laboratory Technician,Research & Development,Travel_Rarely,15,14954.0,2.0,4,3,Yes,,14,31.0,No
28,Female,Divorced,Healthcare Representative,Human Resources,Non-Travel,23,7904.0,3.0,4,3,No,6.0,11,12.0,No
38,Female,Married,Research Scientist,Sales,Travel_Rarely,3,15731.0,2.0,2,1,No,8.0,19,21.0,No
43,Male,Married,Laboratory Technician,Human Resources,Non-Travel,14,2354.0,1.0,1,1,Yes,9.0,16,30.0,No
42,Male,Single,Manager,Research & Development,Travel_Frequently,24,4817.0,4.0,2,4,No,3.0,15,,No
39,Male,Married,Laboratory Technician,Human Resources,Travel_Rarely,34,5832.0,3.0,2,4,Yes,,21,44.0,No
44,Female,Married,Healthcare Representative,Sales,Travel_Frequently,13,14467.0,3.0,3,2,Yes,8.0,24,,No
30,Male,Divorced,Sales Executive,Human Resources,Travel_Frequently,18,10257.0,3.0,2,4,Yes,7.0,24,33.0,No
50,Female,Married,Laboratory Technician,Human Resources,Travel_Rarely,37,15107.0,3.0,1,3,Yes,7.0,20,26.0,No
51,Female,Single,Manager,Research & Development,Non-Travel,35,,,4,2,Yes,8.0,18,26.0,No
58,Female,Divorced,Research Scientist,Research & Development,Travel_Rarely,6,12713.0,1.0,2,2,No,4.0,20,,No
52,Male,Divorced,Sales Executive,Research & Development,Travel_Frequently,29,4581.0,4.0,4,2,No,4.0,19,40.0,No
18,Female,Single,Research Scientist,Sales,Travel_Frequently,18,11582.0,,2,1,No,2.0,14,1.0,No
38,Male,Divorced,Laboratory Technician,Sales,Non-Travel,24,10418.0,4.0,4,4,No,,18,15.0,No
23,Female,Divorced,Healthcare Representative,Research & Development,Travel_Rarely,15,16419.0,2.0,2,2,Yes,7.0,18,1.0,No
45,Male,Single,Healthcare Representative,Research & Development,Travel_Frequently,39,13814.0,3.0,3,1,Yes,4.0,22,11.0,No
34,Female,Divorced,Manager,Sales,Travel_Frequently,7,3036.0,3.0,4,1,No,3.0,10,,No
22,Male,Single,Healthcare Representative,Sales,Travel_Frequently,17,12024.0,4.0,2,2,No,7.0,14,1.0,No
48,Female,Single,Sales Executive,Sales,Non-Travel,27,12932.0,3.0,2,2,Yes,6.0,18,31.0,No
22,Male,Married,Healthcare Representative,Sales,Travel_Frequently,15,9435.0,3.0,3,3,Yes,5.0,16,44.0,No
55,Male,Married,Manager,Research & Development,Travel_Frequently,18,3548.0,3.0,3,2,Yes,,15,16.0,Yes
20,Male,Divorced,Laboratory Technician,Sales,Travel_Rarely,16,7065.0,1.0,3,3,No,4.0,15,22.0,No
40,Male,Divorced,Laboratory Technician,Research & Development,Travel_Rarely,12,5407.0,1.0,4,2,Yes,9.0,20,42.0,No
54,Female,Single,Healthcare Representative,Human Resources,Travel_Frequently,6,2639.0,3.0,4,2,Yes,1.0,16,18.0,No
54,Female,Divorced,Research Scientist,Human Resources,Travel_Frequently,26,2172.0,1.0,3,4,No,3.0,10,47.0,No
27,Male,Single,Laboratory Technician,Sales,Travel_Rarely,9,7666.0,2.0,1,2,No,7.0,13,17.0,No
27,Female,Single,Healthcare Representative,Human Resources,Non-Travel,33,6354.0,3.0,1,2,No,7.0,22,,Yes
36,Male,Divorced,Manager,Human Resources,Non-Travel,35,12109.0,2.0,2,3,Yes,0.0,24,10.0,No
34,Male,Single,Healthcare Representative,Human Resources,Non-Travel,24,4886.0,4.0,1,3,Yes,1.0,10,35.0,No
38,Female,Married,Laboratory Technician,Sales,Non-Travel,5,4164.0,,2,4,No,4.0,15,21.0,No
31,Male,Divorced,Manager,Sales,Non-Travel,23,5945.0,4.0,4,2,Yes,8.0,23,16.0,No
26,Male,Married,Healthcare Representative,Human Resources,Non-Travel,17,12401.0,3.0,4,2,Yes,9.0,22,,No
18,Female,Divorced,Sales Executive,Research & Development,Non-Travel,22,9746.0,4.0,1,3,Yes,,13,3.0,No
30,Male,Single,Manager,Human Resources,Non-Travel,5,13975.0,,4,1,No,9.0,10,41.0,No
21,Male,Divorced,Sales Executive,Sales,Travel_Rarely,28,9754.0,,3,1,No,4.0,18,43.0,No
18,Male,Married,Research Scientist,Sales,Non-Travel,24,,2.0,3,1,Yes,0.0,21,21.0,Yes
57,Male,Single,Manager,Sales,Non-Travel,16,7185.0,2.0,1,3,Yes,5.0,13,13.0,No
49,Female,Divorced,Sales Executive,Human Resources,Non-Travel,23,3093.0,3.0,1,3,Yes,7.0,21,18.0,No
51,Female,Divorced,Laboratory Technician,Research & Development,Travel_Frequently,10,5880.0,3.0,2,1,Yes,6.0,15,24.0,No
45,Female,Divorced,Laboratory Technician,Sales,Travel_Rarely,25,12686.0,2.0,4,1,No,1.0,22,27.0,Yes
48,Male,Married,Research Scientist,Sales,Travel_Rarely,33,12771.0,3.0,2,2,No,4.0,16,4.0,No
25,Male,Married,Manager,Human Resources,Travel_Rarely,27,12680.0,3.0,2,3,Yes,,17,22.0,No
56,Female,Divorced,Manager,Research & Development,Non-Travel,2,4785.0,4.0,3,3,Yes,8.0,21,24.0,No
43,Male,Single,Manager,Human Resources,Non-Travel,10,16799.0,4.0,3,1,No,9.0,22,40.0,No
51,Male,Single,Research Scientist,Sales,Travel_Frequently,37,18280.0,2.0,3,1,Yes,0.0,20,45.0,No
20,Male,Married,Manager,Research & Development,Travel_Rarely,13,8539.0,3.0,3,4,No,5.0,18,,No
29,Male,Single,Laboratory Technician,Research & Development,Non-Travel,25,19958.0,4.0,2,3,Yes,2.0,18,2.0,Yes
18,Female,Married,Sales Executive,Sales,Travel_Rarely,20,18016.0,1.0,3,4,No,8.0,17,,No
22,Female,Divorced,Laboratory Technician,Research & Development,Travel_Frequently,38,16730.0,3.0,4,2,Yes,4.0,19,6.0,Yes
47,Female,Married,Laboratory Technician,Research & Development,Travel_Frequently,29,12565.0,1.0,3,4,Yes,5.0,20,48.0,No
47,Male,Married,Sales Executive,Human Resources,Travel_Frequently,7,,2.0,3,1,No,8.0,24,18.0,No
34,Female,Divorced,Laboratory Technician,Sales,Travel_Rarely,19,5990.0,3.0,3,3,No,8.0,21,,No
40,Female,Single,Research Scientist,Sales,Non-Travel,31,19573.0,2.0,1,3,Yes,7.0,21,38.0,No
32,Male,Married,Sales Executive,Sales,Non-Travel,21,6095.0,2.0,4,4,Yes,8.0,24,,Yes
54,Male,Married,Laboratory Technician,Sales,Travel_Frequently,6,16549.0,2.0,4,4,No,3.0,23,23.0,No
38,Female,Divorced,Healthcare Representative,Sales,Non-Travel,8,11979.0,2.0,2,2,No,5.0,12,46.0,Yes
31,Female,Single,Laboratory Technician,Research & Development,Travel_Frequently,0,,2.0,2,2,Yes,4.0,21,30.0,No
19,Female,Married,Research Scientist,Human Resources,Travel_Rarely,28,,3.0,3,1,Yes,4.0,11,21.0,Yes
28,Female,Divorced,Manager,Sales,Travel_Frequently,7,4833.0,1.0,1,1,No,3.0,14,10.0,No
56,Male,Married,Laboratory Technician,Human Resources,Travel_Rarely,3,7285.0,3.0,2,1,No,1.0,10,43.0,No
55,Female,Divorced,Manager,Human Resources,Travel_Frequently,34,11589.0,3.0,2,4,No,5.0,12,13.0,No
51,Female,Single,Healthcare Representative,Research & Development,Non-Travel,2,16708.0,3.0,3,4,No,,10,12.0,Yes
55,Male,Single,Laboratory Technician,Sales,Non-Travel,39,16116.0,4.0,3,3,No,,22,9.0,Yes
51,Female,Single,Sales Executive,Research & Development,Travel_Frequently,6,9645.0,4.0,2,1,Yes,,12,4.0,Yes
35,Male,Single,Manager,Sales,Non-Travel,26,14018.0,3.0,2,4,Yes,5.0,22,39.0,No
47,Male,Married,Healthcare Representative,Research & Development,Non-Travel,0,12889.0,1.0,4,3,No,2.0,13,24.0,No
32,Male,Married,Sales Executive,Human Resources,Non-Travel,26,6777.0,3.0,1,1,Yes,0.0,16,34.0,No
44,Female,Single,Sales Executive,Sales,Travel_Rarely,15,17994.0,2.0,4,2,Yes,3.0,21,39.0,No
51,Female,Single,Sales Executive,Human Resources,Non-Travel,37,,4.0,2,2,No,8.0,24,41.0,No
55,Male,Single,Sales Executive,Human Resources,Travel_Rarely,6,15611.0,4.0,4,4,Yes,1.0,21,5.0,No
50,Female,Married,Laboratory Technician,Research & Development,Travel_Frequently,22,8368.0,3.0,4,3,Yes,2.0,14,15.0,No
41,Female,Single,Laboratory Technician,Sales,Non-Travel,10,19205.0,3.0,2,2,Yes,1.0,14,4.0,No
32,Male,Single,Laboratory Technician,Human Resources,Non-Travel,32,2162.0,1.0,3,3,No,1.0,22,39.0,Yes
47,Male,Single,Healthcare Representative,Research & Development,Non-Travel,35,9777.0,,2,3,No,9.0,10,8.0,No
59,Female,Divorced,Healthcare Representative,Sales,Travel_Frequently,36,16849.0,2.0,3,2,Yes,7.0,17,49.0,No
34,Male,Single,Healthcare Representative,Sales,Travel_Rarely,16,5535.0,3.0,2,3,Yes,2.0,22,45.0,No
22,Female,Divorced,Research Scientist,Human Resources,Travel_Rarely,34,15403.0,3.0,2,2,Yes,6.0,13,24.0,No
46,Female,Divorced,Healthcare Representative,Sales,Non-Travel,4,,3.0,2,4,Yes,7.0,19,,No
21,Female,Single,Laboratory Technician,Human Resources,Travel_Frequently,31,9959.0,4.0,1,1,Yes,2.0,14,43.0,No
27,Female,Divorced,Laboratory Technician,Sales,Travel_Frequently,2,5933.0,2.0,3,1,Yes,1.0,11,27.0,No
34,Male,Single,Research Scientist,Research & Development,Travel_Frequently,34,5385.0,1.0,1,4,No,7.0,24,1.0,No
27,Male,Married,Research Scientist,Human Resources,Travel_Frequently,13,2922.0,4.0,2,2,Yes,2.0,21,34.0,No
34,Male,Married,Healthcare Representative,Human Resources,Travel_Frequently,30,12367.0,4.0,4,2,Yes,6.0,22,17.0,No
37,Male,Married,Manager,Sales,Travel_Rarely,30,15737.0,,1,2,No,0.0,10,37.0,No
41,Female,Married,Research Scientist,Sales,Travel_Rarely,16,2564.0,4.0,3,2,Yes,5.0,18,38.0,No
22,Female,Divorced,Sales Executive,Human Resources,Travel_Rarely,23,12789.0,2.0,2,4,Yes,8.0,24,26.0,No
51,Male,Single,Laboratory Technician,Sales,Non-Travel,22,,3.0,1,1,Yes,2.0,11,24.0,No
23,Female,Single,Sales Executive,Research & Development,Travel_Frequently,17,8881.0,1.0,4,3,Yes,6.0,15,39.0,No
19,Female,Single,Laboratory Technician,Sales,Non-Travel,13,5636.0,1.0,1,3,No,5.0,10,21.0,No
30,Female,Married,Laboratory Technician,Research & Development,Travel_Frequently,14,,4.0,3,1,Yes,7.0,10,30.0,Yes
28,Male,Married,Research Scientist,Research & Development,Travel_Rarely,14,8297.0,4.0,1,4,No,2.0,18,47.0,No
40,Male,Single,Research Scientist,Research & Development,Non-Travel,5,16895.0,2.0,4,3,Yes,2.0,13,48.0,Yes
33,Male,Married,Sales Executive,Research & Development,Travel_Rarely,26,2350.0,4.0,4,1,Yes,3.0,18,13.0,No
48,Female,Single,Laboratory Technician,Research & Development,Travel_Frequently,14,6732.0,1.0,3,4,No,2.0,20,37.0,No
28,Male,Single,Sales Executive,Sales,Travel_Frequently,35,3017.0,1.0,4,3,Yes,8.0,14,3.0,No
33,Male,Single,Manager,Research & Development,Travel_Frequently,7,17229.0,3.0,2,2,No,3.0,16,32.0,Yes
25,Male,Single,Sales Executive,Sales,Travel_Rarely,14,9170.0,3.0,4,2,No,5.0,10,35.0,No
21,Male,Single,Healthcare Representative,Research & Development,Travel_Frequently,2,15303.0,1.0,2,4,No,7.0,15,,No
57,Male,Single,Sales Executive,Human Resources,Travel_Rarely,12,8207.0,1.0,1,2,Yes,7.0,17,14.0,No
21,Male,Single,Healthcare Representative,Research & Development,Non-Travel,33,14316.0,2.0,2,4,Yes,4.0,23,48.0,Yes
42,Female,Married,Healthcare Representative,Human Resources,Travel_Frequently,23,4419.0,2.0,2,1,Yes,4.0,10,22.0,No
20,Female,Single,Healthcare Representative,Research & Development,Travel_Frequently,39,8240.0,1.0,1,1,Yes,5.0,18,17.0,No
49,Male,Single,Manager,Research & Development,Travel_Frequently,31,,4.0,4,3,No,9.0,12,4.0,Yes
20,Male,Married,Sales Executive,Research & Development,Non-Travel,31,15753.0,3.0,2,4,Yes,,10,,No
44,Female,Married,Sales Executive,Human Resources,Travel_Frequently,29,7322.0,1.0,4,3,Yes,9.0,10,40.0,No
46,Female,Married,Manager,Human Resources,Travel_Rarely,12,13232.0,4.0,1,3,No,,22,19.0,No
49,Male,Single,Laboratory Technician,Research & Development,Travel_Rarely,0,19509.0,1.0,3,1,No,3.0,23,37.0,No
36,Male,Divorced,Research Scientist,Sales,Travel_Frequently,33,5117.0,3.0,4,3,Yes,5.0,20,2.0,No
38,Male,Divorced,Sales Executive,Research & Development,Travel_Frequently,14,6161.0,3.0,4,2,No,6.0,15,15.0,No
22,Male,Married,Research Scientist,Human Resources,Non-Travel,13,17523.0,2.0,3,3,No,4.0,20,,No
35,Female,Divorced,Manager,Research & Development,Non-Travel,28,6042.0,2.0,3,4,No,4.0,15,11.0,No
45,Male,Married,Laboratory Technician,Human Resources,Non-Travel,33,6433.0,2.0,1,2,No,,10,45.0,Yes
59,Male,Single,Laboratory Technician,Human Resources,Travel_Frequently,17,16016.0,2.0,4,1,No,6.0,23,23.0,No
39,Male,Divorced,Laboratory Technician,Human Resources,Non-Travel,6,4658.0,3.0,4,4,Yes,5.0,23,10.0,No
38,Male,Single,Manager,Research & Development,Non-Travel,28,12910.0,4.0,1,2,Yes,0.0,12,,No
23,Female,Divorced,Healthcare Representative,Human Resources,Travel_Rarely,30,4944.0,4.0,4,4,Yes,3.0,16,5.0,No
18,Female,Single,Healthcare Representative,Human Resources,Non-Travel,24,9210.0,4.0,2,2,Yes,2.0,19,3.0,No
22,Female,Divorced,Research Scientist,Research & Development,Travel_Rarely,37,10787.0,1.0,2,4,Yes,2.0,12,38.0,No
58,Male,Single,Healthcare Representative,Human Resources,Travel_Rarely,13,3986.0,2.0,2,4,Yes,6.0,12,13.0,Yes
29,Male,Single,Healthcare Representative,Research & Development,Non-Travel,7,12942.0,2.0,4,2,Yes,9.0,12,42.0,No
43,Female,Divorced,Laboratory Technician,Human Resources,Travel_Rarely,26,19458.0,3.0,2,1,No,3.0,21,,No
51,Male,Single,Laboratory Technician,Sales,Travel_Frequently,1,14161.0,3.0,2,1,Yes,7.0,16,40.0,No
31,Male,Single,Research Scientist,Sales,Travel_Frequently,16,5007.0,1.0,1,4,Yes,8.0,13,35.0,Yes
43,Female,Single,Sales Executive,Human Resources,Non-Travel,36,2969.0,,1,4,Yes,2.0,13,24.0,No
44,Female,Divorced,Research Scientist,Sales,Travel_Frequently,13,,4.0,3,1,No,4.0,12,24.0,Yes
26,Female,Divorced,Research Scientist,Research & Development,Travel_Rarely,24,,,3,1,Yes,,19,17.0,No
43,Female,Single,Manager,Sales,Travel_Frequently,29,3211.0,2.0,3,3,Yes,9.0,20,40.0,Yes
39,Male,Single,Manager,Human Resources,Non-Travel,28,2229.0,4.0,3,1,No,5.0,18,10.0,No
47,Male,Divorced,Research Scientist,Human Resources,Non-Travel,19,17774.0,2.0,1,4,Yes,9.0,11,2.0,No
34,Female,Divorced,Research Scientist,Research & Development,Travel_Rarely,20,16345.0,,1,2,Yes,3.0,13,44.0,No
43,Male,Single,Research Scientist,Human Resources,Non-Travel,21,5185.0,2.0,1,1,No,7.0,17,,No
53,Female,Single,Healthcare Representative,Research & Development,Travel_Frequently,34,17011.0,1.0,2,3,Yes,2.0,15,6.0,No
18,Female,Single,Manager,Sales,Non-Travel,36,18885.0,4.0,2,3,No,4.0,23,2.0,No
25,Male,Married,Research Scientist,Sales,Travel_Rarely,15,2048.0,2.0,3,3,Yes,0.0,16,21.0,No
52,Female,Divorced,Laboratory Technician,Research & Development,Non-Travel,16,17173.0,2.0,2,2,Yes,5.0,22,35.0,No
32,Male,Married,Laboratory Technician,Research & Development,Travel_Frequently,15,18770.0,3.0,4,1,Yes,4.0,16,49.0,No
39,Male,Divorced,Healthcare Representative,Human Resources,Travel_Rarely,1,2969.0,4.0,1,1,No,7.0,11,,No
31,Male,Divorced,Healthcare Representative,Sales,Travel_Frequently,3,16553.0,2.0,3,1,No,8.0,13,7.0,No
43,Male,Divorced,Sales Executive,Research & Development,Travel_Rarely,20,7820.0,3.0,3,2,No,7.0,19,29.0,No
45,Female,Divorced,Sales Executive,Sales,Non-Travel,38,16292.0,2.0,4,2,Yes,,19,37.0,No
40,Male,Divorced,Sales Executive,Research & Development,Travel_Rarely,33,5052.0,4.0,2,4,Yes,2.0,15,23.0,Yes
31,Female,Divorced,Healthcare Representative,Sales,Travel_Rarely,29,,1.0,3,3,No,3.0,12,33.0,No
41,Female,Divorced,Healthcare Representative,Human Resources,Non-Travel,5,4302.0,4.0,2,3,No,3.0,18,8.0,No
19,Female,Married,Healthcare Representative,Sales,Travel_Frequently,16,4283.0,,2,1,Yes,4.0,22,12.0,No
43,Female,Single,Laboratory Technician,Sales,Non-Travel,38,17385.0,2.0,4,2,Yes,8.0,13,46.0,No
31,Male,Single,Healthcare Representative,Sales,Travel_Rarely,24,11799.0,2.0,3,2,Yes,8.0,19,48.0,No
24,Male,Married,Laboratory Technician,Sales,Non-Travel,4,,4.0,2,1,Yes,9.0,22,10.0,No
20,Female,Married,Sales Executive,Sales,Travel_Rarely,4,2122.0,3.0,2,1,No,0.0,11,15.0,No
40,Female,Married,Sales Executive,Human Resources,Non-Travel,19,11472.0,3.0,4,4,Yes,7.0,15,24.0,Yes
35,Male,Married,Sales Executive,Research & Development,Non-Travel,15,5727.0,3.0,4,3,Yes,0.0,10,26.0,No
55,Female,Divorced,Research Scientist,Sales,Travel_Frequently,36,15732.0,2.0,2,3,Yes,1.0,15,47.0,No
52,Male,Single,Research Scientist,Human Resources,Travel_Rarely,39,6958.0,2.0,4,3,Yes,6.0,22,42.0,Yes
32,Female,Divorced,Manager,Sales,Travel_Frequently,8,,4.0,2,4,Yes,7.0,21,39.0,No
42,Male,Single,Manager,Sales,Travel_Rarely,4,11079.0,1.0,3,1,Yes,0.0,19,3.0,No
54,Female,Single,Manager,Research & Development,Non-Travel,1,10399.0,2.0,1,1,Yes,2.0,10,2.0,No
45,Female,Married,Research Scientist,Sales,Travel_Rarely,8,18532.0,4.0,4,3,No,6.0,23,6.0,No
27,Male,Divorced,Research Scientist,Human Resources,Travel_Frequently,35,18821.0,4.0,1,3,No,,17,21.0,No
56,Female,Married,Manager,Human Resources,Travel_Frequently,21,12394.0,1.0,2,4,No,7.0,14,9.0,No
34,Female,Divorced,Manager,Research & Development,Travel_Frequently,21,5749.0,3.0,2,2,Yes,7.0,15,10.0,No
56,Male,Single,Healthcare Representative,Sales,Travel_Rarely,21,,4.0,2,2,No,8.0,11,36.0,No
39,Female,Married,Manager,Human Resources,Travel_Frequently,33,16009.0,4.0,1,3,Yes,9.0,11,3.0,Yes
43,Male,Married,Healthcare Representative,Sales,Travel_Frequently,28,,4.0,2,4,Yes,2.0,21,41.0,No
42,Male,Single,Laboratory Technician,Sales,Travel_Frequently,37,7336.0,3.0,4,3,Yes,7.0,18,24.0,Yes
34,Female,Single,Research Scientist,Sales,Non-Travel,32,6551.0,3.0,3,2,Yes,0.0,12,22.0,No
30,Female,Single,Manager,Research & Development,Non-Travel,17,4823.0,1.0,3,3,No,7.0,15,49.0,No
37,Female,Married,Research Scientist,Sales,Travel_Rarely,6,14916.0,2.0,4,2,Yes,6.0,19,14.0,No
42,Female,Divorced,Research Scientist,Human Resources,Travel_Rarely,0,17167.0,3.0,3,2,Yes,7.0,14,42.0,No
21,Female,Married,Research Scientist,Sales,Travel_Frequently,32,10677.0,2.0,1,2,No,,23,45.0,No
27,Female,Divorced,Laboratory Technician,Human Resources,Non-Travel,0,16868.0,,2,1,No,5.0,21,44.0,No
20,Female,Married,Sales Executive,Sales,Travel_Frequently,23,10391.0,3.0,2,1,No,6.0,13,27.0,No
58,Male,Married,Manager,Human Resources,Travel_Frequently,3,14658.0,4.0,2,3,Yes,4.0,19,33.0,No
35,Female,Single,Sales Executive,Human Resources,Non-Travel,3,11663.0,1.0,1,2,No,4.0,11,22.0,No
53,Male,Divorced,Sales Executive,Sales,Non-Travel,17,4311.0,2.0,1,1,Yes,6.0,17,29.0,No
39,Female,Married,Sales Executive,Sales,Non-Travel,26,9225.0,4.0,1,3,Yes,2.0,19,19.0,No
51,Female,Married,Research Scientist,Human Resources,Travel_Rarely,31,13565.0,3.0,4,3,No,5.0,16,19.0,Yes
25,Male,Single,Healthcare Representative,Research & Development,Travel_Rarely,32,12270.0,2.0,1,3,No,6.0,20,6.0,No
57,Female,Single,Research Scientist,Sales,Travel_Frequently,27,15560.0,2.0,3,3,No,0.0,11,45.0,No
36,Female,Divorced,Research Scientist,Research & Development,Travel_Rarely,35,18988.0,2.0,4,3,Yes,1.0,15,19.0,No
59,Male,Married,Sales Executive,Sales,Non-Travel,5,,4.0,4,4,Yes,3.0,23,13.0,No
58,Female,Divorced,Research Scientist,Sales,Non-Travel,15,7785.0,4.0,4,2,Yes,7.0,17,26.0,No
54,Female,Married,Sales Executive,Sales,Travel_Rarely,33,,4.0,1,3,Yes,9.0,16,22.0,Yes
23,Female,Divorced,Healthcare Representative,Sales,Travel_Frequently,22,10740.0,,4,4,Yes,,24,,Yes
43,Male,Single,Manager,Research & Development,Travel_Frequently,23,15653.0,2.0,1,2,Yes,,10,36.0,No
51,Female,Married,Sales Executive,Sales,Travel_Rarely,12,19222.0,1.0,1,1,No,9.0,14,2.0,No
23,Female,Divorced,Healthcare Representative,Human Resources,Travel_Frequently,17,5815.0,1.0,4,3,Yes,4.0,11,47.0,No
54,Female,Single,Manager,Human Resources,Travel_Frequently,12,19231.0,4.0,2,4,No,6.0,15,44.0,No
50,Female,Single,Laboratory Technician,Research & Development,Travel_Frequently,36,6709.0,4.0,2,1,No,5.0,16,30.0,No
39,Male,Divorced,Sales Executive,Sales,Non-Travel,38,6507.0,3.0,4,4,No,,23,27.0,No
38,Male,Married,Sales Executive,Human Resources,Non-Travel,16,,4.0,2,2,No,7.0,23,,No
23,Female,Married,Laboratory Technician,Research & Development,Travel_Rarely,14,6773.0,,3,2,No,3.0,16,,No
23,Female,Single,Laboratory Technician,Sales,Non-Travel,17,14446.0,1.0,3,1,Yes,4.0,12,31.0,No
21,Male,Married,Sales Executive,Human Resources,Travel_Frequently,22,12464.0,1.0,1,4,Yes,,16,23.0,No
47,Male,Married,Laboratory Technician,Human Resources,Non-Travel,29,,2.0,2,3,Yes,7.0,24,13.0,No
28,Female,Married,Research Scientist,Research & Development,Travel_Rarely,33,5320.0,2.0,3,3,Yes,4.0,14,17.0,No
47,Male,Single,Manager,Sales,Non-Travel,3,12750.0,4.0,4,1,No,8.0,17,4.0,No
48,Female,Divorced,Manager,Sales,Travel_Frequently,2,6698.0,3.0,2,1,No,9.0,24,14.0,No
41,Male,Married,Manager,Human Resources,Travel_Frequently,6,19948.0,3.0,3,1,No,3.0,21,20.0,No
26,Male,Single,Research Scientist,Human Resources,Travel_Rarely,17,8058.0,3.0,3,4,Yes,3.0,17,13.0,No
20,Male,Single,Laboratory Technician,Human Resources,Non-Travel,6,2726.0,2.0,4,3,Yes,,16,3.0,No
48,Male,Divorced,Healthcare Representative,Sales,Non-Travel,39,,1.0,1,3,Yes,0.0,15,,No
57,Female,Married,Laboratory Technician,Research & Development,Non-Travel,5,13910.0,1.0,4,3,Yes,7.0,11,26.0,No
54,Male,Married,Sales Executive,Research & Development,Travel_Frequently,21,11257.0,,1,1,No,4.0,15,18.0,No
53,Male,Divorced,Manager,Sales,Travel_Rarely,0,,3.0,3,3,No,0.0,22,32.0,No
41,Female,Divorced,Laboratory Technician,Research & Development,Non-Travel,3,,3.0,1,2,Yes,3.0,21,14.0,No
48,Male,Single,Healthcare Representative,Human Resources,Travel_Frequently,28,3081.0,4.0,3,1,Yes,1.0,24,47.0,No
23,Male,Single,Sales Executive,Research & Development,Travel_Frequently,20,12776.0,4.0,3,3,No,3.0,20,3.0,No
19,Female,Divorced,Research Scientist,Research & Development,Travel_Frequently,25,16196.0,3.0,2,4,No,,18,1.0,No
37,Male,Married,Research Scientist,Research & Development,Non-Travel,13,11344.0,2.0,1,1,No,4.0,24,26.0,Yes
45,Female,Single,Healthcare Representative,Human Resources,Non-Travel,8,17958.0,3.0,1,2,No,0.0,11,24.0,No
28,Female,Single,Sales Executive,Sales,Non-Travel,11,,4.0,1,2,Yes,,10,49.0,No
21,Female,Married,Manager,Human Resources,Non-Travel,5,19331.0,3.0,4,4,No,0.0,20,35.0,No
32,Female,Single,Laboratory Technician,Sales,Non-Travel,19,6760.0,2.0,2,4,No,8.0,22,14.0,No
23,Male,Married,Sales Executive,Sales,Non-Travel,23,15436.0,1.0,2,1,No,2.0,14,,No
47,Female,Married,Research Scientist,Sales,Non-Travel,26,2066.0,2.0,2,1,No,2.0,20,13.0,No
55,Male,Married,Healthcare Representative,Research & Development,Non-Travel,37,2564.0,2.0,4,2,Yes,5.0,15,47.0,No
19,Male,Divorced,Healthcare Representative,Research & Development,Non-Travel,7,15393.0,4.0,1,4,Yes,9.0,12,14.0,No
32,Male,Divorced,Laboratory Technician,Sales,Travel_Frequently,0,5670.0,2.0,1,1,Yes,5.0,17,,No
28,Male,Divorced,Healthcare Representative,Sales,Non-Travel,23,4251.0,2.0,1,2,Yes,5.0,16,26.0,No
25,Male,Married,Healthcare Representative,Research & Development,Travel_Rarely,6,14949.0,4.0,2,4,Yes,,11,3.0,No
43,Male,Married,Sales Executive,Human Resources,Travel_Frequently,18,2804.0,4.0,2,2,Yes,4.0,21,40.0,No
22,Male,Divorced,Manager,Sales,Non-Travel,21,11583.0,1.0,3,3,No,5.0,16,4.0,No
23,Male,Single,Laboratory Technician,Human Resources,Travel_Rarely,34,19619.0,3.0,4,4,No,7.0,24,36.0,No
43,Male,Married,Sales Executive,Research & Development,Non-Travel,29,14224.0,2.0,4,1,No,0.0,24,43.0,No
21,Male,Single,Manager,Sales,Travel_Rarely,28,8016.0,4.0,2,1,No,4.0,10,1.0,Yes
36,Female,Single,Sales Executive,Human Resources,Travel_Rarely,21,15036.0,1.0,3,3,Yes,2.0,18,40.0,No
37,Female,Married,Sales Executive,Human Resources,Travel_Rarely,10,14392.0,3.0,1,4,No,1.0,22,47.0,No
50,Female,Married,Healthcare Representative,Human Resources,Travel_Rarely,19,9938.0,4.0,2,2,Yes,7.0,16,33.0,No
37,Male,Single,Manager,Research & Development,Travel_Frequently,28,6141.0,3.0,4,1,No,6.0,15,7.0,Yes
29,Female,Single,Laboratory Technician,Research & Development,Travel_Frequently,33,11546.0,3.0,4,3,No,9.0,22,11.0,Yes
18,Female,Divorced,Laboratory Technician,Human Resources,Travel_Rarely,0,7335.0,2.0,4,3,No,6.0,11,27.0,No
43,Female,Divorced,Manager,Human Resources,Non-Travel,30,7077.0,2.0,1,4,Yes,4.0,12,14.0,No
31,Male,Married,Healthcare Representative,Research & Development,Travel_Rarely,29,15247.0,4.0,4,4,No,8.0,10,22.0,Yes
55,Male,Divorced,Research Scientist,Human Resources,Travel_Frequently,17,7611.0,,1,1,Yes,4.0,24,16.0,No
54,Male,Divorced,Sales Executive,Human Resources,Non-Travel,16,10089.0,4.0,1,3,Yes,1.0,19,46.0,No
28,Male,Divorced,Healthcare Representative,Research & Development,Travel_Frequently,37,4892.0,4.0,1,2,No,2.0,22,12.0,No
53,Female,Divorced,Manager,Human Resources,Travel_Frequently,13,7577.0,3.0,2,3,Yes,3.0,14,,Yes
30,Female,Single,Sales Executive,Human Resources,Non-Travel,22,19943.0,4.0,1,2,Yes,4.0,18,46.0,Yes
20,Female,Married,Laboratory Technician,Human Resources,Travel_Rarely,24,8683.0,3.0,3,2,No,2.0,22,10.0,No
50,Female,Divorced,Research Scientist,Research & Development,Travel_Rarely,14,,3.0,4,1,No,6.0,15,24.0,No
23,Male,Single,Laboratory Technician,Human Resources,Travel_Rarely,21,18335.0,3.0,2,3,No,4.0,14,46.0,No
27,Male,Single,Manager,Research & Development,Travel_Rarely,2,4063.0,3.0,4,2,No,4.0,21,18.0,Yes
22,Male,Single,Sales Executive,Research & Development,Non-Travel,18,4000.0,1.0,1,4,No,5.0,12,,No
40,Female,Divorced,Manager,Sales,Non-Travel,33,17566.0,3.0,2,2,No,6.0,14,9.0,No
27,Male,Divorced,Sales Executive,Sales,Non-Travel,34,,,3,4,Yes,,17,17.0,No
19,Male,Married,Healthcare Representative,Human Resources,Travel_Frequently,0,17096.0,2.0,1,4,No,9.0,21,38.0,No
30,Female,Divorced,Research Scientist,Research & Development,Non-Travel,20,6065.0,2.0,4,3,No,,11,40.0,No
57,Female,Divorced,Healthcare Representative,Sales,Travel_Rarely,28,16090.0,3.0,3,4,Yes,8.0,14,13.0,No
19,Male,Single,Healthcare Representative,Human Resources,Travel_Frequently,5,19987.0,,1,2,No,3.0,15,37.0,No
37,Male,Married,Manager,Sales,Travel_Rarely,36,19706.0,1.0,3,4,Yes,4.0,19,6.0,No
18,Male,Divorced,Research Scientist,Sales,Travel_Rarely,0,19482.0,4.0,1,3,No,4.0,17,21.0,Yes
54,Male,Divorced,Sales Executive,Research & Development,Non-Travel,0,11318.0,3.0,2,1,No,7.0,17,36.0,No
26,Male,Single,Sales Executive,Research & Development,Non-Travel,26,10488.0,2.0,1,2,Yes,8.0,24,7.0,No
34,Male,Single,Laboratory Technician,Sales,Travel_Rarely,20,13241.0,1.0,2,2,No,6.0,14,36.0,No
26,Female,Divorced,Sales Executive,Sales,Travel_Rarely,15,12417.0,,1,3,Yes,4.0,18,25.0,Yes
28,Female,Married,Manager,Research & Development,Travel_Frequently,39,,1.0,1,3,No,2.0,13,11.0,No
32,Female,Married,Healthcare Representative,Human Resources,Non-Travel,25,17302.0,,4,3,No,0.0,21,44.0,Yes
41,Male,Single,Healthcare Representative,Research & Development,Travel_Frequently,15,16650.0,1.0,3,3,Yes,,18,14.0,No
55,Female,Single,Healthcare Representative,Sales,Travel_Frequently,27,15350.0,,3,2,No,4.0,20,45.0,No
52,Male,Divorced,Research Scientist,Human Resources,Travel_Frequently,0,4096.0,2.0,3,1,No,8.0,16,29.0,No
47,Male,Single,Sales Executive,Sales,Travel_Rarely,35,13801.0,4.0,1,4,Yes,9.0,15,10.0,No
48,Female,Divorced,Manager,Human Resources,Travel_Frequently,9,18559.0,1.0,1,4,No,3.0,13,48.0,No
22,Male,Married,Research Scientist,Sales,Travel_Frequently,16,9169.0,3.0,1,1,Yes,4.0,11,5.0,No
31,Male,Married,Laboratory Technician,Human Resources,Travel_Rarely,22,15288.0,3.0,2,1,No,3.0,17,8.0,Yes
28,Female,Divorced,Manager,Human Resources,Non-Travel,6,12694.0,3.0,2,1,Yes,1.0,15,,No
26,Female,Single,Manager,Sales,Non-Travel,6,14191.0,3.0,4,3,No,0.0,21,5.0,Yes
51,Female,Married,Manager,Human Resources,Travel_Frequently,14,12737.0,4.0,1,2,Yes,,24,24.0,No
29,Male,Single,Healthcare Representative,Research & Development,Travel_Rarely,33,7147.0,3.0,3,2,Yes,3.0,12,,Yes
52,Female,Married,Manager,Sales,Non-Travel,3,19740.0,4.0,3,2,No,4.0,16,,No
52,Female,Divorced,Sales Executive,Research & Development,Travel_Frequently,13,8199.0,2.0,4,3,No,5.0,19,6.0,No
18,Male,Divorced,Manager,Sales,Travel_Frequently,13,2546.0,3.0,3,2,Yes,7.0,16,16.0,No
57,Female,Divorced,Healthcare Representative,Human Resources,Travel_Rarely,15,7231.0,4.0,4,3,No,7.0,15,36.0,No
39,Female,Married,Manager,Human Resources,Travel_Frequently,6,9965.0,3.0,1,2,Yes,6.0,11,12.0,Yes
46,Female,Single,Laboratory Technician,Human Resources,Non-Travel,31,4040.0,3.0,3,1,No,3.0,17,11.0,No
25,Male,Single,Laboratory Technician,Sales,Travel_Rarely,18,3752.0,3.0,1,4,No,5.0,10,3.0,No
28,Male,Single,Healthcare Representative,Research & Development,Non-Travel,1,,,2,4,Yes,3.0,22,44.0,No
58,Male,Married,Sales Executive,Research & Development,Non-Travel,9,4642.0,1.0,3,3,Yes,6.0,10,37.0,No
54,Male,Married,Sales Executive,Sales,Non-Travel,16,3600.0,3.0,2,2,No,0.0,15,,No
31,Female,Married,Research Scientist,Sales,Travel_Frequently,36,15951.0,3.0,3,4,No,4.0,14,19.0,Yes
47,Male,Married,Healthcare Representative,Research & Development,Travel_Frequently,11,13797.0,2.0,1,1,No,9.0,18,18.0,No
52,Male,Married,Manager,Research & Development,Non-Travel,5,19002.0,1.0,4,1,No,9.0,22,16.0,Yes
38,Female,Single,Healthcare Representative,Research & Development,Non-Travel,21,3132.0,4.0,1,1,No,3.0,21,23.0,Yes
54,Female,Married,Research Scientist,Research & Development,Travel_Rarely,31,7491.0,2.0,1,3,Yes,6.0,16,43.0,No
22,Female,Married,Healthcare Representative,Sales,Travel_Rarely,19,7795.0,3.0,1,3,No,8.0,11,37.0,No
36,Male,Single,Healthcare Representative,Sales,Travel_Frequently,0,12531.0,2.0,3,2,No,4.0,22,9.0,No
31,Male,Married,Research Scientist,Human Resources,Travel_Frequently,5,12931.0,2.0,4,1,Yes,3.0,21,3.0,No
43,Male,Single,Sales Executive,Research & Development,Travel_Rarely,18,9633.0,3.0,2,2,Yes,8.0,16,8.0,No
21,Female,Single,Manager,Human Resources,Non-Travel,17,,1.0,1,2,Yes,4.0,24,38.0,No
42,Female,Divorced,Research Scientist,Sales,Travel_Frequently,5,7009.0,1.0,3,1,No,8.0,12,4.0,No
59,Male,Divorced,Laboratory Technician,Sales,Non-Travel,32,4113.0,,2,2,Yes,7.0,10,12.0,No
42,Female,Divorced,Sales Executive,Human Resources,Travel_Rarely,22,3044.0,3.0,1,4,Yes,3.0,20,,No
35,Female,Divorced,Laboratory Technician,Research & Development,Travel_Frequently,22,,4.0,2,3,Yes,,17,31.0,Yes
57,Female,Married,Sales Executive,Research & Development,Travel_Frequently,25,4431.0,2.0,1,2,Yes,4.0,23,25.0,No
25,Male,Divorced,Manager,Research & Development,Travel_Rarely,12,15926.0,,2,1,No,9.0,21,16.0,No
56,Female,Single,Manager,Research & Development,Travel_Frequently,6,3582.0,2.0,2,3,No,3.0,12,42.0,No
57,Female,Married,Healthcare Representative,Human Resources,Travel_Rarely,14,16374.0,2.0,4,3,No,,20,,No
31,Male,Divorced,Laboratory Technician,Human Resources,Travel_Frequently,26,3308.0,3.0,4,2,Yes,4.0,17,13.0,No
49,Male,Single,Sales Executive,Sales,Travel_Rarely,25,10793.0,,1,4,Yes,8.0,16,,No
55,Female,Married,Manager,Research & Development,Travel_Frequently,32,3620.0,4.0,3,2,Yes,8.0,21,7.0,No
50,Female,Married,Research Scientist,Research & Development,Non-Travel,14,6766.0,4.0,4,4,Yes,5.0,24,12.0,No
40,Male,Divorced,Manager,Research & Development,Non-Travel,35,7192.0,1.0,2,3,Yes,3.0,11,37.0,No
32,Male,Married,Research Scientist,Human Resources,Non-Travel,26,8622.0,3.0,4,2,Yes,1.0,22,4.0,No
50,Female,Single,Sales Executive,Research & Development,Travel_Frequently,4,8093.0,2.0,4,1,No,2.0,23,2.0,Yes
42,Female,Married,Manager,Human Resources,Travel_Frequently,1,18484.0,2.0,1,2,No,1.0,23,35.0,Yes
34,Female,Single,Manager,Research & Development,Non-Travel,32,2237.0,1.0,4,4,Yes,4.0,10,44.0,No
50,Female,Married,Sales Executive,Research & Development,Non-Travel,15,13110.0,3.0,4,4,No,5.0,16,3.0,No
19,Male,Divorced,Manager,Sales,Travel_Rarely,22,8073.0,2.0,2,2,Yes,4.0,22,4.0,No
31,Female,Single,Research Scientist,Research & Development,Travel_Rarely,37,4542.0,1.0,4,4,Yes,1.0,10,38.0,No
57,Female,Married,Manager,Research & Development,Travel_Rarely,15,17282.0,1.0,2,3,No,4.0,15,,No
57,Male,Married,Laboratory Technician,Sales,Non-Travel,13,12195.0,2.0,4,2,Yes,8.0,22,,No
56,Female,Married,Healthcare Representative,Human Resources,Non-Travel,28,3537.0,2.0,4,4,No,3.0,20,10.0,No
23,Male,Single,Research Scientist,Human Resources,Non-Travel,25,19138.0,4.0,3,2,Yes,9.0,19,1.0,No
23,Female,Single,Laboratory Technician,Research & Development,Travel_Rarely,34,13560.0,3.0,4,2,Yes,1.0,20,17.0,Yes
20,Female,Single,Sales Executive,Human Resources,Travel_Frequently,14,15434.0,4.0,2,1,No,,19,16.0,No
24,Male,Divorced,Research Scientist,Research & Development,Non-Travel,2,9396.0,1.0,2,2,Yes,,17,9.0,No
25,Male,Divorced,Healthcare Representative,Sales,Travel_Frequently,22,18924.0,2.0,1,1,Yes,8.0,16,9.0,No
59,Female,Single,Healthcare Representative,Sales,Travel_Frequently,28,,,1,4,Yes,3.0,13,9.0,No
32,Female,Married,Sales Executive,Research & Development,Travel_Frequently,33,10697.0,1.0,3,1,No,0.0,10,12.0,Yes
46,Female,Divorced,Sales Executive,Sales,Travel_Rarely,32,19513.0,3.0,2,1,Yes,,10,41.0,No
50,Male,Single,Research Scientist,Sales,Travel_Frequently,22,12271.0,2.0,2,1,Yes,6.0,13,15.0,Yes
47,Female,Married,Manager,Research & Development,Non-Travel,6,5145.0,4.0,2,3,Yes,6.0,14,2.0,No
56,Male,Divorced,Sales Executive,Research & Development,Travel_Rarely,2,15100.0,3.0,3,1,No,1.0,21,11.0,No
44,Male,Married,Manager,Sales,Non-Travel,31,6067.0,4.0,2,2,No,8.0,16,11.0,No
53,Female,Married,Laboratory Technician,Human Resources,Non-Travel,30,6195.0,1.0,1,1,No,8.0,23,8.0,Yes
46,Male,Married,Healthcare Representative,Human Resources,Travel_Rarely,17,11244.0,3.0,3,2,No,4.0,13,32.0,No
55,Female,Married,Manager,Research & Development,Non-Travel,6,9281.0,4.0,1,1,No,2.0,19,,No
50,Female,Divorced,Healthcare Representative,Research & Development,Non-Travel,0,4509.0,3.0,1,3,Yes,2.0,23,20.0,No
54,Female,Divorced,Manager,Human Resources,Travel_Rarely,13,17502.0,1.0,3,4,No,2.0,21,39.0,No
44,Female,Divorced,Laboratory Technician,Sales,Non-Travel,31,8533.0,3.0,4,1,No,5.0,10,,No
50,Female,Single,Sales Executive,Human Resources,Travel_Frequently,5,19065.0,4.0,4,1,Yes,3.0,20,8.0,No
21,Male,Divorced,Laboratory Technician,Human Resources,Non-Travel,38,16670.0,1.0,1,3,No,7.0,19,49.0,No
39,Male,Married,Sales Executive,Human Resources,Travel_Frequently,9,5932.0,2.0,4,1,Yes,4.0,16,43.0,No
19,Female,Divorced,Sales Executive,Human Resources,Non-Travel,6,16595.0,4.0,2,2,No,0.0,11,34.0,No
27,Female,Married,Healthcare Representative,Research & Development,Travel_Rarely,25,15041.0,4.0,3,1,Yes,8.0,22,19.0,No
22,Male,Single,Laboratory Technician,Research & Development,Travel_Rarely,33,7560.0,1.0,1,1,Yes,0.0,20,7.0,No
27,Male,Married,Manager,Sales,Non-Travel,29,6016.0,1.0,2,4,No,5.0,11,31.0,No
50,Male,Married,Laboratory Technician,Sales,Travel_Rarely,35,2719.0,,4,4,No,0.0,17,18.0,No
55,Male,Married,Healthcare Representative,Sales,Non-Travel,20,,4.0,2,1,Yes,2.0,21,40.0,No
30,Female,Single,Sales Executive,Sales,Travel_Rarely,16,15161.0,1.0,4,3,Yes,9.0,19,,Yes
48,Female,Divorced,Healthcare Representative,Human Resources,Travel_Frequently,32,4149.0,2.0,1,4,Yes,4.0,19,39.0,No
53,Male,Divorced,Research Scientist,Research & Development,Non-Travel,9,16033.0,2.0,2,1,Yes,9.0,19,36.0,No
41,Female,Single,Research Scientist,Research & Development,Travel_Frequently,11,6207.0,1.0,3,4,Yes,6.0,14,17.0,No
32,Male,Married,Manager,Sales,Travel_Frequently,15,17043.0,4.0,1,1,Yes,9.0,19,37.0,No
46,Female,Divorced,Healthcare Representative,Sales,Non-Travel,31,11078.0,3.0,2,4,Yes,7.0,11,44.0,No
25,Male,Single,Manager,Human Resources,Travel_Frequently,14,13725.0,3.0,2,4,No,8.0,14,9.0,No
22,Female,Divorced,Manager,Human Resources,Non-Travel,26,5936.0,2.0,4,2,Yes,5.0,17,20.0,No
